nome;nteste;qtdit;qtdalloc;tempo
UNIX;0;50;1;0.000003
Half fit;0;50;1;0.000022
Quick fit;0;50;1;0.000002
First fit;0;50;1;0.000001
Best fit;0;50;1;0.000002
Worst fit;0;50;1;0.000002
UNIX;1;50;1;0.000018
Half fit;1;50;1;0.000003
Quick fit;1;50;1;0.000001
First fit;1;50;1;0.000002
Best fit;1;50;1;0.000161
Worst fit;1;50;1;0.000002
UNIX;2;50;1;0.000001
Half fit;2;50;1;0.000002
Quick fit;2;50;1;0.000000
First fit;2;50;1;0.000000
Best fit;2;50;1;0.000000
Worst fit;2;50;1;0.000001
UNIX;3;50;1;0.000002
Half fit;3;50;1;0.000003
Quick fit;3;50;1;0.000052
First fit;3;50;1;0.000050
Best fit;3;50;1;0.000001
Worst fit;3;50;1;0.000001
UNIX;0;50;1;0.000002
Half fit;0;50;1;0.000020
Quick fit;0;50;1;0.000003
First fit;0;50;1;0.000002
Best fit;0;50;1;0.000001
Worst fit;0;50;1;0.000001
UNIX;1;50;1;0.000006
Half fit;1;50;1;0.000002
Quick fit;1;50;1;0.000001
First fit;1;50;1;0.000001
Best fit;1;50;1;0.000166
Worst fit;1;50;1;0.000002
UNIX;2;50;1;0.000001
Half fit;2;50;1;0.000002
Quick fit;2;50;1;0.000000
First fit;2;50;1;0.000000
Best fit;2;50;1;0.000001
Worst fit;2;50;1;0.000001
UNIX;3;50;1;0.000002
Half fit;3;50;1;0.000003
Quick fit;3;50;1;0.000001
First fit;3;50;1;0.000002
Best fit;3;50;1;0.000002
Worst fit;3;50;1;0.000001
UNIX;0;50;1;0.000002
Half fit;0;50;1;0.000023
Quick fit;0;50;1;0.000003
First fit;0;50;1;0.000001
Best fit;0;50;1;0.000002
Worst fit;0;50;1;0.000002
UNIX;1;50;1;0.000002
Half fit;1;50;1;0.000004
Quick fit;1;50;1;0.000001
First fit;1;50;1;0.000003
Best fit;1;50;1;0.000001
Worst fit;1;50;1;0.000002
UNIX;2;50;1;0.000001
Half fit;2;50;1;0.000001
Quick fit;2;50;1;0.000000
First fit;2;50;1;0.000000
Best fit;2;50;1;0.000001
Worst fit;2;50;1;0.000001
UNIX;3;50;1;0.000001
Half fit;3;50;1;0.000002
Quick fit;3;50;1;0.000001
First fit;3;50;1;0.000000
Best fit;3;50;1;0.000002
Worst fit;3;50;1;0.000001
UNIX;0;50;1;0.000002
Half fit;0;50;1;0.000037
Quick fit;0;50;1;0.000003
First fit;0;50;1;0.000002
Best fit;0;50;1;0.000001
Worst fit;0;50;1;0.000002
UNIX;1;50;1;0.000002
Half fit;1;50;1;0.000004
Quick fit;1;50;1;0.000001
First fit;1;50;1;0.000003
Best fit;1;50;1;0.000002
Worst fit;1;50;1;0.000002
UNIX;2;50;1;0.000001
Half fit;2;50;1;0.000002
Quick fit;2;50;1;0.000000
First fit;2;50;1;0.000001
Best fit;2;50;1;0.000001
Worst fit;2;50;1;0.000001
UNIX;3;50;1;0.000001
Half fit;3;50;1;0.000002
Quick fit;3;50;1;0.000001
First fit;3;50;1;0.000000
Best fit;3;50;1;0.000001
Worst fit;3;50;1;0.000002
UNIX;0;50;1;0.000002
Half fit;0;50;1;0.000020
Quick fit;0;50;1;0.000002
First fit;0;50;1;0.000001
Best fit;0;50;1;0.000002
Worst fit;0;50;1;0.000002
UNIX;1;50;1;0.000001
Half fit;1;50;1;0.000003
Quick fit;1;50;1;0.000000
First fit;1;50;1;0.000002
Best fit;1;50;1;0.000001
Worst fit;1;50;1;0.000001
UNIX;2;50;1;0.000001
Half fit;2;50;1;0.000002
Quick fit;2;50;1;0.000001
First fit;2;50;1;0.000000
Best fit;2;50;1;0.000000
Worst fit;2;50;1;0.000001
UNIX;3;50;1;0.000001
Half fit;3;50;1;0.000004
Quick fit;3;50;1;0.000002
First fit;3;50;1;0.000001
Best fit;3;50;1;0.000001
Worst fit;3;50;1;0.000001
UNIX;0;50;1;0.000002
Half fit;0;50;1;0.000023
Quick fit;0;50;1;0.000003
First fit;0;50;1;0.000002
Best fit;0;50;1;0.000002
Worst fit;0;50;1;0.000002
UNIX;1;50;1;0.000002
Half fit;1;50;1;0.000004
Quick fit;1;50;1;0.000001
First fit;1;50;1;0.000002
Best fit;1;50;1;0.000002
Worst fit;1;50;1;0.000002
UNIX;2;50;1;0.000001
Half fit;2;50;1;0.000002
Quick fit;2;50;1;0.000000
First fit;2;50;1;0.000000
Best fit;2;50;1;0.000001
Worst fit;2;50;1;0.000000
UNIX;3;50;1;0.000002
Half fit;3;50;1;0.000003
Quick fit;3;50;1;0.000002
First fit;3;50;1;0.000001
Best fit;3;50;1;0.000001
Worst fit;3;50;1;0.000001
UNIX;0;50;1;0.000002
Half fit;0;50;1;0.000024
Quick fit;0;50;1;0.000003
First fit;0;50;1;0.000002
Best fit;0;50;1;0.000001
Worst fit;0;50;1;0.000002
UNIX;1;50;1;0.000001
Half fit;1;50;1;0.000004
Quick fit;1;50;1;0.000000
First fit;1;50;1;0.000002
Best fit;1;50;1;0.000001
Worst fit;1;50;1;0.000001
UNIX;2;50;1;0.000000
Half fit;2;50;1;0.000001
Quick fit;2;50;1;0.000001
First fit;2;50;1;0.000000
Best fit;2;50;1;0.000000
Worst fit;2;50;1;0.000001
UNIX;3;50;1;0.000002
Half fit;3;50;1;0.000002
Quick fit;3;50;1;0.000001
First fit;3;50;1;0.000000
Best fit;3;50;1;0.000002
Worst fit;3;50;1;0.000001
UNIX;0;50;1;0.000002
Half fit;0;50;1;0.000022
Quick fit;0;50;1;0.000002
First fit;0;50;1;0.000011
Best fit;0;50;1;0.000003
Worst fit;0;50;1;0.000001
UNIX;1;50;1;0.000010
Half fit;1;50;1;0.000001
Quick fit;1;50;1;0.000002
First fit;1;50;1;0.000192
Best fit;1;50;1;0.000002
Worst fit;1;50;1;0.000001
UNIX;2;50;1;0.000000
Half fit;2;50;1;0.000002
Quick fit;2;50;1;0.000001
First fit;2;50;1;0.000000
Best fit;2;50;1;0.000000
Worst fit;2;50;1;0.000001
UNIX;3;50;1;0.000001
Half fit;3;50;1;0.000003
Quick fit;3;50;1;0.000002
First fit;3;50;1;0.000001
Best fit;3;50;1;0.000001
Worst fit;3;50;1;0.000001
UNIX;0;50;1;0.000001
Half fit;0;50;1;0.000021
Quick fit;0;50;1;0.000002
First fit;0;50;1;0.000001
Best fit;0;50;1;0.000002
Worst fit;0;50;1;0.000002
UNIX;1;50;1;0.000018
Half fit;1;50;1;0.000001
Quick fit;1;50;1;0.000002
First fit;1;50;1;0.000202
Best fit;1;50;1;0.000002
Worst fit;1;50;1;0.000001
UNIX;2;50;1;0.000001
Half fit;2;50;1;0.000001
Quick fit;2;50;1;0.000000
First fit;2;50;1;0.000000
Best fit;2;50;1;0.000000
Worst fit;2;50;1;0.000001
UNIX;3;50;1;0.000002
Half fit;3;50;1;0.000004
Quick fit;3;50;1;0.000012
First fit;3;50;1;0.000002
Best fit;3;50;1;0.000002
Worst fit;3;50;1;0.000001
UNIX;0;50;1;0.000013
Half fit;0;50;1;0.000023
Quick fit;0;50;1;0.000003
First fit;0;50;1;0.000002
Best fit;0;50;1;0.000003
Worst fit;0;50;1;0.000003
UNIX;1;50;1;0.000011
Half fit;1;50;1;0.000001
Quick fit;1;50;1;0.000002
First fit;1;50;1;0.000003
Best fit;1;50;1;0.000002
Worst fit;1;50;1;0.000001
UNIX;2;50;1;0.000001
Half fit;2;50;1;0.000003
Quick fit;2;50;1;0.000000
First fit;2;50;1;0.000001
Best fit;2;50;1;0.000001
Worst fit;2;50;1;0.000000
UNIX;3;50;1;0.000003
Half fit;3;50;1;0.000004
Quick fit;3;50;1;0.000196
First fit;3;50;1;0.000002
Best fit;3;50;1;0.000002
Worst fit;3;50;1;0.000002
UNIX;0;50;1;0.000001
Half fit;0;50;1;0.000023
Quick fit;0;50;1;0.000003
First fit;0;50;1;0.000002
Best fit;0;50;1;0.000002
Worst fit;0;50;1;0.000002
UNIX;1;50;1;0.000011
Half fit;1;50;1;0.000002
Quick fit;1;50;1;0.000002
First fit;1;50;1;0.000203
Best fit;1;50;1;0.000002
Worst fit;1;50;1;0.000002
UNIX;2;50;1;0.000001
Half fit;2;50;1;0.000003
Quick fit;2;50;1;0.000000
First fit;2;50;1;0.000001
Best fit;2;50;1;0.000001
Worst fit;2;50;1;0.000000
UNIX;3;50;1;0.000003
Half fit;3;50;1;0.000004
Quick fit;3;50;1;0.000002
First fit;3;50;1;0.000002
Best fit;3;50;1;0.000001
Worst fit;3;50;1;0.000002
UNIX;0;50;1;0.000001
Half fit;0;50;1;0.000025
Quick fit;0;50;1;0.000003
First fit;0;50;1;0.000002
Best fit;0;50;1;0.000002
Worst fit;0;50;1;0.000001
UNIX;1;50;1;0.000012
Half fit;1;50;1;0.000002
Quick fit;1;50;1;0.000002
First fit;1;50;1;0.000002
Best fit;1;50;1;0.000001
Worst fit;1;50;1;0.000001
UNIX;2;50;1;0.000001
Half fit;2;50;1;0.000002
Quick fit;2;50;1;0.000001
First fit;2;50;1;0.000000
Best fit;2;50;1;0.000000
Worst fit;2;50;1;0.000000
UNIX;3;50;1;0.000001
Half fit;3;50;1;0.000002
Quick fit;3;50;1;0.000001
First fit;3;50;1;0.000003
Best fit;3;50;1;0.000001
Worst fit;3;50;1;0.000001
UNIX;0;50;1;0.000001
Half fit;0;50;1;0.000036
Quick fit;0;50;1;0.000003
First fit;0;50;1;0.000001
Best fit;0;50;1;0.000002
Worst fit;0;50;1;0.000002
UNIX;1;50;1;0.000007
Half fit;1;50;1;0.000003
Quick fit;1;50;1;0.000001
First fit;1;50;1;0.000001
Best fit;1;50;1;0.000001
Worst fit;1;50;1;0.000003
UNIX;2;50;1;0.000001
Half fit;2;50;1;0.000003
Quick fit;2;50;1;0.000000
First fit;2;50;1;0.000000
Best fit;2;50;1;0.000001
Worst fit;2;50;1;0.000001
UNIX;3;50;1;0.000002
Half fit;3;50;1;0.000003
Quick fit;3;50;1;0.000001
First fit;3;50;1;0.000001
Best fit;3;50;1;0.000002
Worst fit;3;50;1;0.000002
UNIX;0;50;1;0.000002
Half fit;0;50;1;0.000054
Quick fit;0;50;1;0.000002
First fit;0;50;1;0.000004
Best fit;0;50;1;0.000003
Worst fit;0;50;1;0.000003
UNIX;1;50;1;0.000010
Half fit;1;50;1;0.000004
Quick fit;1;50;1;0.000000
First fit;1;50;1;0.000001
Best fit;1;50;1;0.000000
Worst fit;1;50;1;0.000003
UNIX;2;50;1;0.000001
Half fit;2;50;1;0.000003
Quick fit;2;50;1;0.000000
First fit;2;50;1;0.000000
Best fit;2;50;1;0.000000
Worst fit;2;50;1;0.000001
UNIX;3;50;1;0.000005
Half fit;3;50;1;0.000005
Quick fit;3;50;1;0.000001
First fit;3;50;1;0.000003
Best fit;3;50;1;0.000003
Worst fit;3;50;1;0.000002
UNIX;0;50;1;0.000002
Half fit;0;50;1;0.000025
Quick fit;0;50;1;0.000003
First fit;0;50;1;0.000002
Best fit;0;50;1;0.000001
Worst fit;0;50;1;0.000002
UNIX;1;50;1;0.000007
Half fit;1;50;1;0.000002
Quick fit;1;50;1;0.000001
First fit;1;50;1;0.000001
Best fit;1;50;1;0.000001
Worst fit;1;50;1;0.000003
UNIX;2;50;1;0.000001
Half fit;2;50;1;0.000002
Quick fit;2;50;1;0.000000
First fit;2;50;1;0.000000
Best fit;2;50;1;0.000000
Worst fit;2;50;1;0.000001
UNIX;3;50;1;0.000002
Half fit;3;50;1;0.000002
Quick fit;3;50;1;0.000001
First fit;3;50;1;0.000001
Best fit;3;50;1;0.000002
Worst fit;3;50;1;0.000001
UNIX;0;50;1;0.000002
Half fit;0;50;1;0.000028
Quick fit;0;50;1;0.000002
First fit;0;50;1;0.000002
Best fit;0;50;1;0.000002
Worst fit;0;50;1;0.000002
UNIX;1;50;1;0.000010
Half fit;1;50;1;0.000004
Quick fit;1;50;1;0.000001
First fit;1;50;1;0.000001
Best fit;1;50;1;0.000001
Worst fit;1;50;1;0.000003
UNIX;2;50;1;0.000001
Half fit;2;50;1;0.000004
Quick fit;2;50;1;0.000000
First fit;2;50;1;0.000000
Best fit;2;50;1;0.000000
Worst fit;2;50;1;0.000001
UNIX;3;50;1;0.000002
Half fit;3;50;1;0.000001
Quick fit;3;50;1;0.000001
First fit;3;50;1;0.000002
Best fit;3;50;1;0.000002
Worst fit;3;50;1;0.000002
UNIX;0;50;1;0.000002
Half fit;0;50;1;0.000023
Quick fit;0;50;1;0.000002
First fit;0;50;1;0.000002
Best fit;0;50;1;0.000002
Worst fit;0;50;1;0.000002
UNIX;1;50;1;0.000006
Half fit;1;50;1;0.000003
Quick fit;1;50;1;0.000000
First fit;1;50;1;0.000001
Best fit;1;50;1;0.000001
Worst fit;1;50;1;0.000002
UNIX;2;50;1;0.000001
Half fit;2;50;1;0.000003
Quick fit;2;50;1;0.000000
First fit;2;50;1;0.000000
Best fit;2;50;1;0.000001
Worst fit;2;50;1;0.000001
UNIX;3;50;1;0.000002
Half fit;3;50;1;0.000003
Quick fit;3;50;1;0.000001
First fit;3;50;1;0.000002
Best fit;3;50;1;0.000002
Worst fit;3;50;1;0.000002
UNIX;0;50;1;0.000002
Half fit;0;50;1;0.000021
Quick fit;0;50;1;0.000002
First fit;0;50;1;0.000002
Best fit;0;50;1;0.000002
Worst fit;0;50;1;0.000002
UNIX;1;50;1;0.000002
Half fit;1;50;1;0.000001
Quick fit;1;50;1;0.000001
First fit;1;50;1;0.000001
Best fit;1;50;1;0.000001
Worst fit;1;50;1;0.000000
UNIX;2;50;1;0.000000
Half fit;2;50;1;0.000003
Quick fit;2;50;1;0.000000
First fit;2;50;1;0.000000
Best fit;2;50;1;0.000001
Worst fit;2;50;1;0.000001
UNIX;3;50;1;0.000001
Half fit;3;50;1;0.000003
Quick fit;3;50;1;0.000001
First fit;3;50;1;0.000001
Best fit;3;50;1;0.000001
Worst fit;3;50;1;0.000002
UNIX;0;50;1;0.000002
Half fit;0;50;1;0.000023
Quick fit;0;50;1;0.000003
First fit;0;50;1;0.000002
Best fit;0;50;1;0.000002
Worst fit;0;50;1;0.000002
UNIX;1;50;1;0.000001
Half fit;1;50;1;0.000001
Quick fit;1;50;1;0.000012
First fit;1;50;1;0.000002
Best fit;1;50;1;0.000001
Worst fit;1;50;1;0.000000
UNIX;2;50;1;0.000000
Half fit;2;50;1;0.000002
Quick fit;2;50;1;0.000000
First fit;2;50;1;0.000001
Best fit;2;50;1;0.000000
Worst fit;2;50;1;0.000000
UNIX;3;50;1;0.000002
Half fit;3;50;1;0.000003
Quick fit;3;50;1;0.000001
First fit;3;50;1;0.000001
Best fit;3;50;1;0.000001
Worst fit;3;50;1;0.000002
UNIX;0;50;1;0.000002
Half fit;0;50;1;0.000023
Quick fit;0;50;1;0.000003
First fit;0;50;1;0.000002
Best fit;0;50;1;0.000002
Worst fit;0;50;1;0.000002
UNIX;1;50;1;0.000001
Half fit;1;50;1;0.000001
Quick fit;1;50;1;0.000001
First fit;1;50;1;0.000001
Best fit;1;50;1;0.000001
Worst fit;1;50;1;0.000000
UNIX;2;50;1;0.000000
Half fit;2;50;1;0.000002
Quick fit;2;50;1;0.000000
First fit;2;50;1;0.000001
Best fit;2;50;1;0.000001
Worst fit;2;50;1;0.000000
UNIX;3;50;1;0.000003
Half fit;3;50;1;0.000003
Quick fit;3;50;1;0.000001
First fit;3;50;1;0.000001
Best fit;3;50;1;0.000001
Worst fit;3;50;1;0.000001
UNIX;0;50;1;0.000002
Half fit;0;50;1;0.000021
Quick fit;0;50;1;0.000003
First fit;0;50;1;0.000002
Best fit;0;50;1;0.000002
Worst fit;0;50;1;0.000002
UNIX;1;50;1;0.000001
Half fit;1;50;1;0.000001
Quick fit;1;50;1;0.000001
First fit;1;50;1;0.000001
Best fit;1;50;1;0.000001
Worst fit;1;50;1;0.000000
UNIX;2;50;1;0.000001
Half fit;2;50;1;0.000002
Quick fit;2;50;1;0.000000
First fit;2;50;1;0.000000
Best fit;2;50;1;0.000001
Worst fit;2;50;1;0.000001
UNIX;3;50;1;0.000002
Half fit;3;50;1;0.000003
Quick fit;3;50;1;0.000002
First fit;3;50;1;0.000001
Best fit;3;50;1;0.000001
Worst fit;3;50;1;0.000002
UNIX;0;50;1;0.000001
Half fit;0;50;1;0.000024
Quick fit;0;50;1;0.000002
First fit;0;50;1;0.000002
Best fit;0;50;1;0.000002
Worst fit;0;50;1;0.000002
UNIX;1;50;1;0.000001
Half fit;1;50;1;0.000001
Quick fit;1;50;1;0.000001
First fit;1;50;1;0.000001
Best fit;1;50;1;0.000001
Worst fit;1;50;1;0.000000
UNIX;2;50;1;0.000000
Half fit;2;50;1;0.000003
Quick fit;2;50;1;0.000001
First fit;2;50;1;0.000001
Best fit;2;50;1;0.000000
Worst fit;2;50;1;0.000000
UNIX;3;50;1;0.000002
Half fit;3;50;1;0.000003
Quick fit;3;50;1;0.000002
First fit;3;50;1;0.000002
Best fit;3;50;1;0.000001
Worst fit;3;50;1;0.000001
UNIX;0;50;1;0.000001
Half fit;0;50;1;0.000023
Quick fit;0;50;1;0.000003
First fit;0;50;1;0.000002
Best fit;0;50;1;0.000002
Worst fit;0;50;1;0.000002
UNIX;1;50;1;0.000007
Half fit;1;50;1;0.000003
Quick fit;1;50;1;0.000002
First fit;1;50;1;0.000002
Best fit;1;50;1;0.000185
Worst fit;1;50;1;0.000002
UNIX;2;50;1;0.000001
Half fit;2;50;1;0.000002
Quick fit;2;50;1;0.000000
First fit;2;50;1;0.000000
Best fit;2;50;1;0.000000
Worst fit;2;50;1;0.000001
UNIX;3;50;1;0.000002
Half fit;3;50;1;0.000003
Quick fit;3;50;1;0.000001
First fit;3;50;1;0.000001
Best fit;3;50;1;0.000002
Worst fit;3;50;1;0.000002
UNIX;0;50;1;0.000001
Half fit;0;50;1;0.000032
Quick fit;0;50;1;0.000003
First fit;0;50;1;0.000002
Best fit;0;50;1;0.000002
Worst fit;0;50;1;0.000001
UNIX;1;50;1;0.000007
Half fit;1;50;1;0.000003
Quick fit;1;50;1;0.000001
First fit;1;50;1;0.000002
Best fit;1;50;1;0.000208
Worst fit;1;50;1;0.000003
UNIX;2;50;1;0.000001
Half fit;2;50;1;0.000003
Quick fit;2;50;1;0.000000
First fit;2;50;1;0.000000
Best fit;2;50;1;0.000001
Worst fit;2;50;1;0.000001
UNIX;3;50;1;0.000002
Half fit;3;50;1;0.000003
Quick fit;3;50;1;0.000001
First fit;3;50;1;0.000002
Best fit;3;50;1;0.000001
Worst fit;3;50;1;0.000002
UNIX;0;50;1;0.000002
Half fit;0;50;1;0.000020
Quick fit;0;50;1;0.000002
First fit;0;50;1;0.000002
Best fit;0;50;1;0.000002
Worst fit;0;50;1;0.000002
UNIX;1;50;1;0.000006
Half fit;1;50;1;0.000003
Quick fit;1;50;1;0.000002
First fit;1;50;1;0.000002
Best fit;1;50;1;0.000175
Worst fit;1;50;1;0.000002
UNIX;2;50;1;0.000001
Half fit;2;50;1;0.000002
Quick fit;2;50;1;0.000000
First fit;2;50;1;0.000000
Best fit;2;50;1;0.000001
Worst fit;2;50;1;0.000001
UNIX;3;50;1;0.000002
Half fit;3;50;1;0.000003
Quick fit;3;50;1;0.000001
First fit;3;50;1;0.000002
Best fit;3;50;1;0.000001
Worst fit;3;50;1;0.000001
UNIX;0;50;1;0.000001
Half fit;0;50;1;0.000031
Quick fit;0;50;1;0.000002
First fit;0;50;1;0.000002
Best fit;0;50;1;0.000002
Worst fit;0;50;1;0.000001
UNIX;1;50;1;0.000006
Half fit;1;50;1;0.000003
Quick fit;1;50;1;0.000001
First fit;1;50;1;0.000003
Best fit;1;50;1;0.000190
Worst fit;1;50;1;0.000002
UNIX;2;50;1;0.000001
Half fit;2;50;1;0.000002
Quick fit;2;50;1;0.000001
First fit;2;50;1;0.000001
Best fit;2;50;1;0.000001
Worst fit;2;50;1;0.000001
UNIX;3;50;1;0.000002
Half fit;3;50;1;0.000006
Quick fit;3;50;1;0.000001
First fit;3;50;1;0.000001
Best fit;3;50;1;0.000001
Worst fit;3;50;1;0.000002
UNIX;0;50;1;0.000002
Half fit;0;50;1;0.000024
Quick fit;0;50;1;0.000002
First fit;0;50;1;0.000002
Best fit;0;50;1;0.000002
Worst fit;0;50;1;0.000002
UNIX;1;50;1;0.000006
Half fit;1;50;1;0.000003
Quick fit;1;50;1;0.000002
First fit;1;50;1;0.000003
Best fit;1;50;1;0.000190
Worst fit;1;50;1;0.000002
UNIX;2;50;1;0.000001
Half fit;2;50;1;0.000002
Quick fit;2;50;1;0.000001
First fit;2;50;1;0.000001
Best fit;2;50;1;0.000000
Worst fit;2;50;1;0.000001
UNIX;3;50;1;0.000002
Half fit;3;50;1;0.000003
Quick fit;3;50;1;0.000001
First fit;3;50;1;0.000002
Best fit;3;50;1;0.000002
Worst fit;3;50;1;0.000001
UNIX;0;50;1;0.000002
Half fit;0;50;1;0.000023
Quick fit;0;50;1;0.000003
First fit;0;50;1;0.000002
Best fit;0;50;1;0.000002
Worst fit;0;50;1;0.000001
UNIX;1;50;1;0.000003
Half fit;1;50;1;0.000004
Quick fit;1;50;1;0.000001
First fit;1;50;1;0.000000
Best fit;1;50;1;0.000002
Worst fit;1;50;1;0.000002
UNIX;2;50;1;0.000000
Half fit;2;50;1;0.000003
Quick fit;2;50;1;0.000000
First fit;2;50;1;0.000001
Best fit;2;50;1;0.000000
Worst fit;2;50;1;0.000001
UNIX;3;50;1;0.000001
Half fit;3;50;1;0.000003
Quick fit;3;50;1;0.000002
First fit;3;50;1;0.000002
Best fit;3;50;1;0.000001
Worst fit;3;50;1;0.000000
UNIX;0;50;1;0.000002
Half fit;0;50;1;0.000021
Quick fit;0;50;1;0.000003
First fit;0;50;1;0.000002
Best fit;0;50;1;0.000002
Worst fit;0;50;1;0.000002
UNIX;1;50;1;0.000003
Half fit;1;50;1;0.000004
Quick fit;1;50;1;0.000001
First fit;1;50;1;0.000000
Best fit;1;50;1;0.000001
Worst fit;1;50;1;0.000002
UNIX;2;50;1;0.000001
Half fit;2;50;1;0.000002
Quick fit;2;50;1;0.000000
First fit;2;50;1;0.000001
Best fit;2;50;1;0.000001
Worst fit;2;50;1;0.000000
UNIX;3;50;1;0.000000
Half fit;3;50;1;0.000002
Quick fit;3;50;1;0.000002
First fit;3;50;1;0.000001
Best fit;3;50;1;0.000002
Worst fit;3;50;1;0.000000
UNIX;0;50;1;0.000001
Half fit;0;50;1;0.000022
Quick fit;0;50;1;0.000003
First fit;0;50;1;0.000003
Best fit;0;50;1;0.000002
Worst fit;0;50;1;0.000002
UNIX;1;50;1;0.000002
Half fit;1;50;1;0.000004
Quick fit;1;50;1;0.000001
First fit;1;50;1;0.000001
Best fit;1;50;1;0.000002
Worst fit;1;50;1;0.000002
UNIX;2;50;1;0.000001
Half fit;2;50;1;0.000003
Quick fit;2;50;1;0.000001
First fit;2;50;1;0.000000
Best fit;2;50;1;0.000001
Worst fit;2;50;1;0.000000
UNIX;3;50;1;0.000001
Half fit;3;50;1;0.000003
Quick fit;3;50;1;0.000002
First fit;3;50;1;0.000002
Best fit;3;50;1;0.000002
Worst fit;3;50;1;0.000000
UNIX;0;50;1;0.000001
Half fit;0;50;1;0.000022
Quick fit;0;50;1;0.000003
First fit;0;50;1;0.000002
Best fit;0;50;1;0.000002
Worst fit;0;50;1;0.000001
UNIX;1;50;1;0.000002
Half fit;1;50;1;0.000005
Quick fit;1;50;1;0.000000
First fit;1;50;1;0.000000
Best fit;1;50;1;0.000001
Worst fit;1;50;1;0.000002
UNIX;2;50;1;0.000000
Half fit;2;50;1;0.000001
Quick fit;2;50;1;0.000000
First fit;2;50;1;0.000000
Best fit;2;50;1;0.000001
Worst fit;2;50;1;0.000001
UNIX;3;50;1;0.000000
Half fit;3;50;1;0.000002
Quick fit;3;50;1;0.000001
First fit;3;50;1;0.000002
Best fit;3;50;1;0.000001
Worst fit;3;50;1;0.000000
UNIX;0;50;1;0.000001
Half fit;0;50;1;0.000020
Quick fit;0;50;1;0.000003
First fit;0;50;1;0.000002
Best fit;0;50;1;0.000003
Worst fit;0;50;1;0.000002
UNIX;1;50;1;0.000002
Half fit;1;50;1;0.000004
Quick fit;1;50;1;0.000001
First fit;1;50;1;0.000001
Best fit;1;50;1;0.000002
Worst fit;1;50;1;0.000002
UNIX;2;50;1;0.000000
Half fit;2;50;1;0.000003
Quick fit;2;50;1;0.000001
First fit;2;50;1;0.000000
Best fit;2;50;1;0.000001
Worst fit;2;50;1;0.000000
UNIX;3;50;1;0.000000
Half fit;3;50;1;0.000003
Quick fit;3;50;1;0.000002
First fit;3;50;1;0.000002
Best fit;3;50;1;0.000001
Worst fit;3;50;1;0.000000
UNIX;0;50;1;0.000002
Half fit;0;50;1;0.000024
Quick fit;0;50;1;0.000002
First fit;0;50;1;0.000001
Best fit;0;50;1;0.000002
Worst fit;0;50;1;0.000001
UNIX;1;50;1;0.000003
Half fit;1;50;1;0.000001
Quick fit;1;50;1;0.000002
First fit;1;50;1;0.000002
Best fit;1;50;1;0.000000
Worst fit;1;50;1;0.000001
UNIX;2;50;1;0.000001
Half fit;2;50;1;0.000001
Quick fit;2;50;1;0.000000
First fit;2;50;1;0.000000
Best fit;2;50;1;0.000001
Worst fit;2;50;1;0.000001
UNIX;3;50;1;0.000001
Half fit;3;50;1;0.000003
Quick fit;3;50;1;0.000002
First fit;3;50;1;0.000001
Best fit;3;50;1;0.000001
Worst fit;3;50;1;0.000002
UNIX;0;50;1;0.000002
Half fit;0;50;1;0.000020
Quick fit;0;50;1;0.000002
First fit;0;50;1;0.000002
Best fit;0;50;1;0.000002
Worst fit;0;50;1;0.000002
UNIX;1;50;1;0.000002
Half fit;1;50;1;0.000001
Quick fit;1;50;1;0.000002
First fit;1;50;1;0.000002
Best fit;1;50;1;0.000000
Worst fit;1;50;1;0.000001
UNIX;2;50;1;0.000000
Half fit;2;50;1;0.000001
Quick fit;2;50;1;0.000000
First fit;2;50;1;0.000001
Best fit;2;50;1;0.000001
Worst fit;2;50;1;0.000001
UNIX;3;50;1;0.000002
Half fit;3;50;1;0.000003
Quick fit;3;50;1;0.000001
First fit;3;50;1;0.000001
Best fit;3;50;1;0.000002
Worst fit;3;50;1;0.000001
UNIX;0;50;1;0.000001
Half fit;0;50;1;0.000024
Quick fit;0;50;1;0.000003
First fit;0;50;1;0.000002
Best fit;0;50;1;0.000002
Worst fit;0;50;1;0.000003
UNIX;1;50;1;0.000004
Half fit;1;50;1;0.000001
Quick fit;1;50;1;0.000002
First fit;1;50;1;0.000003
Best fit;1;50;1;0.000000
Worst fit;1;50;1;0.000002
UNIX;2;50;1;0.000000
Half fit;2;50;1;0.000002
Quick fit;2;50;1;0.000000
First fit;2;50;1;0.000000
Best fit;2;50;1;0.000000
Worst fit;2;50;1;0.000001
UNIX;3;50;1;0.000002
Half fit;3;50;1;0.000003
Quick fit;3;50;1;0.000002
First fit;3;50;1;0.000002
Best fit;3;50;1;0.000002
Worst fit;3;50;1;0.000001
UNIX;0;50;1;0.000001
Half fit;0;50;1;0.000019
Quick fit;0;50;1;0.000002
First fit;0;50;1;0.000002
Best fit;0;50;1;0.000002
Worst fit;0;50;1;0.000002
UNIX;1;50;1;0.000002
Half fit;1;50;1;0.000001
Quick fit;1;50;1;0.000002
First fit;1;50;1;0.000002
Best fit;1;50;1;0.000000
Worst fit;1;50;1;0.000002
UNIX;2;50;1;0.000000
Half fit;2;50;1;0.000001
Quick fit;2;50;1;0.000000
First fit;2;50;1;0.000001
Best fit;2;50;1;0.000000
Worst fit;2;50;1;0.000000
UNIX;3;50;1;0.000002
Half fit;3;50;1;0.000002
Quick fit;3;50;1;0.000001
First fit;3;50;1;0.000001
Best fit;3;50;1;0.000002
Worst fit;3;50;1;0.000001
UNIX;0;50;1;0.000002
Half fit;0;50;1;0.000022
Quick fit;0;50;1;0.000002
First fit;0;50;1;0.000002
Best fit;0;50;1;0.000001
Worst fit;0;50;1;0.000002
UNIX;1;50;1;0.000002
Half fit;1;50;1;0.000001
Quick fit;1;50;1;0.000001
First fit;1;50;1;0.000002
Best fit;1;50;1;0.000000
Worst fit;1;50;1;0.000001
UNIX;2;50;1;0.000000
Half fit;2;50;1;0.000001
Quick fit;2;50;1;0.000000
First fit;2;50;1;0.000000
Best fit;2;50;1;0.000000
Worst fit;2;50;1;0.000000
UNIX;3;50;1;0.000001
Half fit;3;50;1;0.000002
Quick fit;3;50;1;0.000001
First fit;3;50;1;0.000001
Best fit;3;50;1;0.000002
Worst fit;3;50;1;0.000002
UNIX;0;50;1;0.000001
Half fit;0;50;1;0.000022
Quick fit;0;50;1;0.000002
First fit;0;50;1;0.000002
Best fit;0;50;1;0.000002
Worst fit;0;50;1;0.000002
UNIX;1;50;1;0.000002
Half fit;1;50;1;0.000004
Quick fit;1;50;1;0.000001
First fit;1;50;1;0.000001
Best fit;1;50;1;0.000001
Worst fit;1;50;1;0.000002
UNIX;2;50;1;0.000001
Half fit;2;50;1;0.000002
Quick fit;2;50;1;0.000000
First fit;2;50;1;0.000000
Best fit;2;50;1;0.000000
Worst fit;2;50;1;0.000001
UNIX;3;50;1;0.000002
Half fit;3;50;1;0.000001
Quick fit;3;50;1;0.000002
First fit;3;50;1;0.000001
Best fit;3;50;1;0.000001
Worst fit;3;50;1;0.000001
UNIX;0;50;1;0.000001
Half fit;0;50;1;0.000022
Quick fit;0;50;1;0.000003
First fit;0;50;1;0.000001
Best fit;0;50;1;0.000002
Worst fit;0;50;1;0.000002
UNIX;1;50;1;0.000002
Half fit;1;50;1;0.000004
Quick fit;1;50;1;0.000001
First fit;1;50;1;0.000001
Best fit;1;50;1;0.000000
Worst fit;1;50;1;0.000002
UNIX;2;50;1;0.000000
Half fit;2;50;1;0.000002
Quick fit;2;50;1;0.000001
First fit;2;50;1;0.000001
Best fit;2;50;1;0.000000
Worst fit;2;50;1;0.000000
UNIX;3;50;1;0.000002
Half fit;3;50;1;0.000001
Quick fit;3;50;1;0.000002
First fit;3;50;1;0.000002
Best fit;3;50;1;0.000002
Worst fit;3;50;1;0.000001
UNIX;0;50;1;0.000002
Half fit;0;50;1;0.000022
Quick fit;0;50;1;0.000002
First fit;0;50;1;0.000001
Best fit;0;50;1;0.000002
Worst fit;0;50;1;0.000001
UNIX;1;50;1;0.000002
Half fit;1;50;1;0.000005
Quick fit;1;50;1;0.000001
First fit;1;50;1;0.000002
Best fit;1;50;1;0.000001
Worst fit;1;50;1;0.000002
UNIX;2;50;1;0.000000
Half fit;2;50;1;0.000002
Quick fit;2;50;1;0.000000
First fit;2;50;1;0.000000
Best fit;2;50;1;0.000001
Worst fit;2;50;1;0.000001
UNIX;3;50;1;0.000002
Half fit;3;50;1;0.000001
Quick fit;3;50;1;0.000001
First fit;3;50;1;0.000001
Best fit;3;50;1;0.000001
Worst fit;3;50;1;0.000001
UNIX;0;50;1;0.000002
Half fit;0;50;1;0.000020
Quick fit;0;50;1;0.000003
First fit;0;50;1;0.000002
Best fit;0;50;1;0.000002
Worst fit;0;50;1;0.000001
UNIX;1;50;1;0.000002
Half fit;1;50;1;0.000005
Quick fit;1;50;1;0.000001
First fit;1;50;1;0.000002
Best fit;1;50;1;0.000001
Worst fit;1;50;1;0.000011
UNIX;2;50;1;0.000000
Half fit;2;50;1;0.000002
Quick fit;2;50;1;0.000001
First fit;2;50;1;0.000000
Best fit;2;50;1;0.000000
Worst fit;2;50;1;0.000001
UNIX;3;50;1;0.000002
Half fit;3;50;1;0.000001
Quick fit;3;50;1;0.000002
First fit;3;50;1;0.000001
Best fit;3;50;1;0.000001
Worst fit;3;50;1;0.000002
UNIX;0;50;1;0.000001
Half fit;0;50;1;0.000026
Quick fit;0;50;1;0.000003
First fit;0;50;1;0.000001
Best fit;0;50;1;0.000002
Worst fit;0;50;1;0.000001
UNIX;1;50;1;0.000002
Half fit;1;50;1;0.000005
Quick fit;1;50;1;0.000001
First fit;1;50;1;0.000001
Best fit;1;50;1;0.000000
Worst fit;1;50;1;0.000001
UNIX;2;50;1;0.000001
Half fit;2;50;1;0.000003
Quick fit;2;50;1;0.000000
First fit;2;50;1;0.000000
Best fit;2;50;1;0.000000
Worst fit;2;50;1;0.000001
UNIX;3;50;1;0.000002
Half fit;3;50;1;0.000000
Quick fit;3;50;1;0.000001
First fit;3;50;1;0.000002
Best fit;3;50;1;0.000001
Worst fit;3;50;1;0.000001
UNIX;0;50;1;0.000001
Half fit;0;50;1;0.000060
Quick fit;0;50;1;0.000014
First fit;0;50;1;0.000003
Best fit;0;50;1;0.000003
Worst fit;0;50;1;0.000002
UNIX;1;50;1;0.000019
Half fit;1;50;1;0.000002
Quick fit;1;50;1;0.000003
First fit;1;50;1;0.000003
Best fit;1;50;1;0.000003
Worst fit;1;50;1;0.000181
UNIX;2;50;1;0.000002
Half fit;2;50;1;0.000003
Quick fit;2;50;1;0.000001
First fit;2;50;1;0.000000
Best fit;2;50;1;0.000001
Worst fit;2;50;1;0.000001
UNIX;3;50;1;0.000002
Half fit;3;50;1;0.000004
Quick fit;3;50;1;0.000002
First fit;3;50;1;0.000001
Best fit;3;50;1;0.000002
Worst fit;3;50;1;0.000001
UNIX;0;50;1;0.000001
Half fit;0;50;1;0.000022
Quick fit;0;50;1;0.000002
First fit;0;50;1;0.000002
Best fit;0;50;1;0.000001
Worst fit;0;50;1;0.000002
UNIX;1;50;1;0.000009
Half fit;1;50;1;0.000001
Quick fit;1;50;1;0.000002
First fit;1;50;1;0.000003
Best fit;1;50;1;0.000002
Worst fit;1;50;1;0.000189
UNIX;2;50;1;0.000001
Half fit;2;50;1;0.000002
Quick fit;2;50;1;0.000000
First fit;2;50;1;0.000000
Best fit;2;50;1;0.000001
Worst fit;2;50;1;0.000001
UNIX;3;50;1;0.000003
Half fit;3;50;1;0.000004
Quick fit;3;50;1;0.000001
First fit;3;50;1;0.000055
Best fit;3;50;1;0.000002
Worst fit;3;50;1;0.000001
UNIX;0;50;1;0.000002
Half fit;0;50;1;0.000049
Quick fit;0;50;1;0.000003
First fit;0;50;1;0.000009
Best fit;0;50;1;0.000008
Worst fit;0;50;1;0.000006
UNIX;1;50;1;0.000021
Half fit;1;50;1;0.000020
Quick fit;1;50;1;0.000003
First fit;1;50;1;0.000009
Best fit;1;50;1;0.000005
Worst fit;1;50;1;0.000985
UNIX;2;50;1;0.000003
Half fit;2;50;1;0.000009
Quick fit;2;50;1;0.000002
First fit;2;50;1;0.000001
Best fit;2;50;1;0.000001
Worst fit;2;50;1;0.000000
UNIX;3;50;1;0.000007
Half fit;3;50;1;0.000008
Quick fit;3;50;1;0.000003
First fit;3;50;1;0.000003
Best fit;3;50;1;0.000002
Worst fit;3;50;1;0.000002
UNIX;0;50;1;0.000002
Half fit;0;50;1;0.000036
Quick fit;0;50;1;0.000002
First fit;0;50;1;0.000002
Best fit;0;50;1;0.000003
Worst fit;0;50;1;0.000002
UNIX;1;50;1;0.000011
Half fit;1;50;1;0.000002
Quick fit;1;50;1;0.000002
First fit;1;50;1;0.000003
Best fit;1;50;1;0.000003
Worst fit;1;50;1;0.000169
UNIX;2;50;1;0.000001
Half fit;2;50;1;0.000003
Quick fit;2;50;1;0.000001
First fit;2;50;1;0.000000
Best fit;2;50;1;0.000001
Worst fit;2;50;1;0.000000
UNIX;3;50;1;0.000002
Half fit;3;50;1;0.000004
Quick fit;3;50;1;0.000001
First fit;3;50;1;0.000003
Best fit;3;50;1;0.000001
Worst fit;3;50;1;0.000001
UNIX;0;50;1;0.000001
Half fit;0;50;1;0.000021
Quick fit;0;50;1;0.000003
First fit;0;50;1;0.000002
Best fit;0;50;1;0.000002
Worst fit;0;50;1;0.000001
UNIX;1;50;1;0.000013
Half fit;1;50;1;0.000001
Quick fit;1;50;1;0.000002
First fit;1;50;1;0.000003
Best fit;1;50;1;0.000002
Worst fit;1;50;1;0.000200
UNIX;2;50;1;0.000001
Half fit;2;50;1;0.000003
Quick fit;2;50;1;0.000000
First fit;2;50;1;0.000000
Best fit;2;50;1;0.000000
Worst fit;2;50;1;0.000001
UNIX;3;50;1;0.000002
Half fit;3;50;1;0.000003
Quick fit;3;50;1;0.000002
First fit;3;50;1;0.000002
Best fit;3;50;1;0.000002
Worst fit;3;50;1;0.000001
UNIX;0;50;1;0.000002
Half fit;0;50;1;0.000022
Quick fit;0;50;1;0.000004
First fit;0;50;1;0.000002
Best fit;0;50;1;0.000002
Worst fit;0;50;1;0.000002
UNIX;1;50;1;0.000003
Half fit;1;50;1;0.000005
Quick fit;1;50;1;0.000001
First fit;1;50;1;0.000000
Best fit;1;50;1;0.000001
Worst fit;1;50;1;0.000001
UNIX;2;50;1;0.000001
Half fit;2;50;1;0.000002
Quick fit;2;50;1;0.000001
First fit;2;50;1;0.000000
Best fit;2;50;1;0.000000
Worst fit;2;50;1;0.000000
UNIX;3;50;1;0.000002
Half fit;3;50;1;0.000002
Quick fit;3;50;1;0.000001
First fit;3;50;1;0.000001
Best fit;3;50;1;0.000002
Worst fit;3;50;1;0.000002
UNIX;0;50;1;0.000002
Half fit;0;50;1;0.000023
Quick fit;0;50;1;0.000003
First fit;0;50;1;0.000012
Best fit;0;50;1;0.000002
Worst fit;0;50;1;0.000002
UNIX;1;50;1;0.000002
Half fit;1;50;1;0.000005
Quick fit;1;50;1;0.000000
First fit;1;50;1;0.000001
Best fit;1;50;1;0.000001
Worst fit;1;50;1;0.000000
UNIX;2;50;1;0.000001
Half fit;2;50;1;0.000003
Quick fit;2;50;1;0.000001
First fit;2;50;1;0.000000
Best fit;2;50;1;0.000000
Worst fit;2;50;1;0.000000
UNIX;3;50;1;0.000002
Half fit;3;50;1;0.000002
Quick fit;3;50;1;0.000001
First fit;3;50;1;0.000001
Best fit;3;50;1;0.000001
Worst fit;3;50;1;0.000001
UNIX;0;50;1;0.000002
Half fit;0;50;1;0.000052
Quick fit;0;50;1;0.000003
First fit;0;50;1;0.000003
Best fit;0;50;1;0.000005
Worst fit;0;50;1;0.000004
UNIX;1;50;1;0.000006
Half fit;1;50;1;0.000007
Quick fit;1;50;1;0.000000
First fit;1;50;1;0.000001
Best fit;1;50;1;0.000001
Worst fit;1;50;1;0.000001
UNIX;2;50;1;0.000001
Half fit;2;50;1;0.000006
Quick fit;2;50;1;0.000001
First fit;2;50;1;0.000000
Best fit;2;50;1;0.000000
Worst fit;2;50;1;0.000000
UNIX;3;50;1;0.000003
Half fit;3;50;1;0.000004
Quick fit;3;50;1;0.000001
First fit;3;50;1;0.000003
Best fit;3;50;1;0.000002
Worst fit;3;50;1;0.000003
UNIX;0;50;10;0.000002
Half fit;0;50;10;0.000026
Quick fit;0;50;10;0.000003
First fit;0;50;10;0.000002
Best fit;0;50;10;0.000002
Worst fit;0;50;10;0.000002
UNIX;1;50;10;0.000029
Half fit;1;50;10;0.000163
Quick fit;1;50;10;0.000124
First fit;1;50;10;0.000203
Best fit;1;50;10;0.000244
Worst fit;1;50;10;0.000339
UNIX;2;50;10;0.000001
Half fit;2;50;10;0.000007
Quick fit;2;50;10;0.000001
First fit;2;50;10;0.000001
Best fit;2;50;10;0.000001
Worst fit;2;50;10;0.000001
UNIX;3;50;10;0.000027
Half fit;3;50;10;0.000026
Quick fit;3;50;10;0.000008
First fit;3;50;10;0.000063
Best fit;3;50;10;0.000009
Worst fit;3;50;10;0.000005
UNIX;0;50;10;0.000002
Half fit;0;50;10;0.000025
Quick fit;0;50;10;0.000003
First fit;0;50;10;0.000002
Best fit;0;50;10;0.000003
Worst fit;0;50;10;0.000002
UNIX;1;50;10;0.000028
Half fit;1;50;10;0.000347
Quick fit;1;50;10;0.000247
First fit;1;50;10;0.000353
Best fit;1;50;10;0.000344
Worst fit;1;50;10;0.000300
UNIX;2;50;10;0.000001
Half fit;2;50;10;0.000008
Quick fit;2;50;10;0.000001
First fit;2;50;10;0.000001
Best fit;2;50;10;0.000002
Worst fit;2;50;10;0.000001
UNIX;3;50;10;0.000027
Half fit;3;50;10;0.000025
Quick fit;3;50;10;0.000009
First fit;3;50;10;0.000010
Best fit;3;50;10;0.000021
Worst fit;3;50;10;0.000006
UNIX;0;50;10;0.000002
Half fit;0;50;10;0.000027
Quick fit;0;50;10;0.000003
First fit;0;50;10;0.000002
Best fit;0;50;10;0.000002
Worst fit;0;50;10;0.000002
UNIX;1;50;10;0.000052
Half fit;1;50;10;0.000381
Quick fit;1;50;10;0.000253
First fit;1;50;10;0.000185
Best fit;1;50;10;0.000366
Worst fit;1;50;10;0.000261
UNIX;2;50;10;0.000002
Half fit;2;50;10;0.000008
Quick fit;2;50;10;0.000001
First fit;2;50;10;0.000001
Best fit;2;50;10;0.000002
Worst fit;2;50;10;0.000001
UNIX;3;50;10;0.000028
Half fit;3;50;10;0.000026
Quick fit;3;50;10;0.000009
First fit;3;50;10;0.000009
Best fit;3;50;10;0.000010
Worst fit;3;50;10;0.000006
UNIX;0;50;10;0.000001
Half fit;0;50;10;0.000027
Quick fit;0;50;10;0.000003
First fit;0;50;10;0.000003
Best fit;0;50;10;0.000002
Worst fit;0;50;10;0.000002
UNIX;1;50;10;0.000027
Half fit;1;50;10;0.000238
Quick fit;1;50;10;0.000109
First fit;1;50;10;0.000201
Best fit;1;50;10;0.000257
Worst fit;1;50;10;0.000243
UNIX;2;50;10;0.000002
Half fit;2;50;10;0.000006
Quick fit;2;50;10;0.000001
First fit;2;50;10;0.000001
Best fit;2;50;10;0.000001
Worst fit;2;50;10;0.000001
UNIX;3;50;10;0.000037
Half fit;3;50;10;0.000024
Quick fit;3;50;10;0.000008
First fit;3;50;10;0.000062
Best fit;3;50;10;0.000009
Worst fit;3;50;10;0.000005
UNIX;0;50;10;0.000002
Half fit;0;50;10;0.000025
Quick fit;0;50;10;0.000003
First fit;0;50;10;0.000002
Best fit;0;50;10;0.000002
Worst fit;0;50;10;0.000003
UNIX;1;50;10;0.000028
Half fit;1;50;10;0.000323
Quick fit;1;50;10;0.000264
First fit;1;50;10;0.000182
Best fit;1;50;10;0.000359
Worst fit;1;50;10;0.000245
UNIX;2;50;10;0.000001
Half fit;2;50;10;0.000008
Quick fit;2;50;10;0.000001
First fit;2;50;10;0.000001
Best fit;2;50;10;0.000001
Worst fit;2;50;10;0.000001
UNIX;3;50;10;0.000027
Half fit;3;50;10;0.000029
Quick fit;3;50;10;0.000010
First fit;3;50;10;0.000010
Best fit;3;50;10;0.000010
Worst fit;3;50;10;0.000006
UNIX;0;50;10;0.000002
Half fit;0;50;10;0.000026
Quick fit;0;50;10;0.000004
First fit;0;50;10;0.000002
Best fit;0;50;10;0.000002
Worst fit;0;50;10;0.000002
UNIX;1;50;10;0.000029
Half fit;1;50;10;0.000216
Quick fit;1;50;10;0.000209
First fit;1;50;10;0.000198
Best fit;1;50;10;0.000103
Worst fit;1;50;10;0.000326
UNIX;2;50;10;0.000001
Half fit;2;50;10;0.000006
Quick fit;2;50;10;0.000001
First fit;2;50;10;0.000001
Best fit;2;50;10;0.000001
Worst fit;2;50;10;0.000001
UNIX;3;50;10;0.000029
Half fit;3;50;10;0.000026
Quick fit;3;50;10;0.000008
First fit;3;50;10;0.000010
Best fit;3;50;10;0.000008
Worst fit;3;50;10;0.000010
UNIX;0;50;10;0.000002
Half fit;0;50;10;0.000027
Quick fit;0;50;10;0.000003
First fit;0;50;10;0.000002
Best fit;0;50;10;0.000002
Worst fit;0;50;10;0.000002
UNIX;1;50;10;0.000030
Half fit;1;50;10;0.000218
Quick fit;1;50;10;0.000237
First fit;1;50;10;0.000363
Best fit;1;50;10;0.000230
Worst fit;1;50;10;0.000333
UNIX;2;50;10;0.000001
Half fit;2;50;10;0.000005
Quick fit;2;50;10;0.000001
First fit;2;50;10;0.000001
Best fit;2;50;10;0.000002
Worst fit;2;50;10;0.000001
UNIX;3;50;10;0.000026
Half fit;3;50;10;0.000022
Quick fit;3;50;10;0.000009
First fit;3;50;10;0.000009
Best fit;3;50;10;0.000007
Worst fit;3;50;10;0.000010
UNIX;0;50;10;0.000002
Half fit;0;50;10;0.000026
Quick fit;0;50;10;0.000004
First fit;0;50;10;0.000011
Best fit;0;50;10;0.000002
Worst fit;0;50;10;0.000002
UNIX;1;50;10;0.000028
Half fit;1;50;10;0.000243
Quick fit;1;50;10;0.000208
First fit;1;50;10;0.000189
Best fit;1;50;10;0.000154
Worst fit;1;50;10;0.000335
UNIX;2;50;10;0.000002
Half fit;2;50;10;0.000006
Quick fit;2;50;10;0.000001
First fit;2;50;10;0.000001
Best fit;2;50;10;0.000002
Worst fit;2;50;10;0.000001
UNIX;3;50;10;0.000029
Half fit;3;50;10;0.000024
Quick fit;3;50;10;0.000008
First fit;3;50;10;0.000010
Best fit;3;50;10;0.000008
Worst fit;3;50;10;0.000010
UNIX;0;50;10;0.000002
Half fit;0;50;10;0.000041
Quick fit;0;50;10;0.000004
First fit;0;50;10;0.000002
Best fit;0;50;10;0.000002
Worst fit;0;50;10;0.000002
UNIX;1;50;10;0.000028
Half fit;1;50;10;0.000214
Quick fit;1;50;10;0.000310
First fit;1;50;10;0.000257
Best fit;1;50;10;0.000247
Worst fit;1;50;10;0.000239
UNIX;2;50;10;0.000002
Half fit;2;50;10;0.000006
Quick fit;2;50;10;0.000001
First fit;2;50;10;0.000001
Best fit;2;50;10;0.000002
Worst fit;2;50;10;0.000001
UNIX;3;50;10;0.000029
Half fit;3;50;10;0.000023
Quick fit;3;50;10;0.000009
First fit;3;50;10;0.000009
Best fit;3;50;10;0.000008
Worst fit;3;50;10;0.000176
UNIX;0;50;10;0.000002
Half fit;0;50;10;0.000035
Quick fit;0;50;10;0.000003
First fit;0;50;10;0.000002
Best fit;0;50;10;0.000002
Worst fit;0;50;10;0.000002
UNIX;1;50;10;0.000027
Half fit;1;50;10;0.000232
Quick fit;1;50;10;0.000223
First fit;1;50;10;0.000210
Best fit;1;50;10;0.000103
Worst fit;1;50;10;0.000433
UNIX;2;50;10;0.000001
Half fit;2;50;10;0.000007
Quick fit;2;50;10;0.000001
First fit;2;50;10;0.000002
Best fit;2;50;10;0.000002
Worst fit;2;50;10;0.000002
UNIX;3;50;10;0.000063
Half fit;3;50;10;0.000025
Quick fit;3;50;10;0.000008
First fit;3;50;10;0.000010
Best fit;3;50;10;0.000008
Worst fit;3;50;10;0.000010
UNIX;0;50;10;0.000002
Half fit;0;50;10;0.000029
Quick fit;0;50;10;0.000003
First fit;0;50;10;0.000003
Best fit;0;50;10;0.000003
Worst fit;0;50;10;0.000002
UNIX;1;50;10;0.000032
Half fit;1;50;10;0.000017
Quick fit;1;50;10;0.000376
First fit;1;50;10;0.000198
Best fit;1;50;10;0.000217
Worst fit;1;50;10;0.000159
UNIX;2;50;10;0.000001
Half fit;2;50;10;0.000006
Quick fit;2;50;10;0.000001
First fit;2;50;10;0.000001
Best fit;2;50;10;0.000001
Worst fit;2;50;10;0.000001
UNIX;3;50;10;0.000012
Half fit;3;50;10;0.000029
Quick fit;3;50;10;0.000094
First fit;3;50;10;0.000008
Best fit;3;50;10;0.000007
Worst fit;3;50;10;0.000007
UNIX;0;50;10;0.000002
Half fit;0;50;10;0.000026
Quick fit;0;50;10;0.000003
First fit;0;50;10;0.000002
Best fit;0;50;10;0.000002
Worst fit;0;50;10;0.000002
UNIX;1;50;10;0.000028
Half fit;1;50;10;0.000030
Quick fit;1;50;10;0.000246
First fit;1;50;10;0.000115
Best fit;1;50;10;0.000121
Worst fit;1;50;10;0.000112
UNIX;2;50;10;0.000002
Half fit;2;50;10;0.000005
Quick fit;2;50;10;0.000001
First fit;2;50;10;0.000001
Best fit;2;50;10;0.000001
Worst fit;2;50;10;0.000001
UNIX;3;50;10;0.000012
Half fit;3;50;10;0.000027
Quick fit;3;50;10;0.000111
First fit;3;50;10;0.000010
Best fit;3;50;10;0.000018
Worst fit;3;50;10;0.000020
UNIX;0;50;10;0.000001
Half fit;0;50;10;0.000027
Quick fit;0;50;10;0.000004
First fit;0;50;10;0.000003
Best fit;0;50;10;0.000002
Worst fit;0;50;10;0.000002
UNIX;1;50;10;0.000030
Half fit;1;50;10;0.000186
Quick fit;1;50;10;0.000215
First fit;1;50;10;0.000265
Best fit;1;50;10;0.000157
Worst fit;1;50;10;0.000180
UNIX;2;50;10;0.000001
Half fit;2;50;10;0.000006
Quick fit;2;50;10;0.000001
First fit;2;50;10;0.000001
Best fit;2;50;10;0.000001
Worst fit;2;50;10;0.000001
UNIX;3;50;10;0.000012
Half fit;3;50;10;0.000028
Quick fit;3;50;10;0.000010
First fit;3;50;10;0.000008
Best fit;3;50;10;0.000007
Worst fit;3;50;10;0.000007
UNIX;0;50;10;0.000002
Half fit;0;50;10;0.000031
Quick fit;0;50;10;0.000004
First fit;0;50;10;0.000002
Best fit;0;50;10;0.000002
Worst fit;0;50;10;0.000002
UNIX;1;50;10;0.000035
Half fit;1;50;10;0.000260
Quick fit;1;50;10;0.000237
First fit;1;50;10;0.000279
Best fit;1;50;10;0.000161
Worst fit;1;50;10;0.000147
UNIX;2;50;10;0.000001
Half fit;2;50;10;0.000005
Quick fit;2;50;10;0.000000
First fit;2;50;10;0.000001
Best fit;2;50;10;0.000001
Worst fit;2;50;10;0.000001
UNIX;3;50;10;0.000012
Half fit;3;50;10;0.000027
Quick fit;3;50;10;0.000010
First fit;3;50;10;0.000009
Best fit;3;50;10;0.000008
Worst fit;3;50;10;0.000007
UNIX;0;50;10;0.000002
Half fit;0;50;10;0.000026
Quick fit;0;50;10;0.000003
First fit;0;50;10;0.000002
Best fit;0;50;10;0.000002
Worst fit;0;50;10;0.000002
UNIX;1;50;10;0.000040
Half fit;1;50;10;0.000277
Quick fit;1;50;10;0.000206
First fit;1;50;10;0.000325
Best fit;1;50;10;0.000242
Worst fit;1;50;10;0.000158
UNIX;2;50;10;0.000001
Half fit;2;50;10;0.000006
Quick fit;2;50;10;0.000001
First fit;2;50;10;0.000001
Best fit;2;50;10;0.000002
Worst fit;2;50;10;0.000001
UNIX;3;50;10;0.000013
Half fit;3;50;10;0.000027
Quick fit;3;50;10;0.000009
First fit;3;50;10;0.000009
Best fit;3;50;10;0.000028
Worst fit;3;50;10;0.000007
UNIX;0;50;10;0.000002
Half fit;0;50;10;0.000029
Quick fit;0;50;10;0.000003
First fit;0;50;10;0.000002
Best fit;0;50;10;0.000002
Worst fit;0;50;10;0.000002
UNIX;1;50;10;0.000021
Half fit;1;50;10;0.000035
Quick fit;1;50;10;0.001876
First fit;1;50;10;0.000179
Best fit;1;50;10;0.000379
Worst fit;1;50;10;0.000153
UNIX;2;50;10;0.000002
Half fit;2;50;10;0.000006
Quick fit;2;50;10;0.000001
First fit;2;50;10;0.000001
Best fit;2;50;10;0.000001
Worst fit;2;50;10;0.000001
UNIX;3;50;10;0.000027
Half fit;3;50;10;0.000025
Quick fit;3;50;10;0.000009
First fit;3;50;10;0.000010
Best fit;3;50;10;0.000008
Worst fit;3;50;10;0.000006
UNIX;0;50;10;0.000001
Half fit;0;50;10;0.000026
Quick fit;0;50;10;0.000004
First fit;0;50;10;0.000002
Best fit;0;50;10;0.000002
Worst fit;0;50;10;0.000002
UNIX;1;50;10;0.000023
Half fit;1;50;10;0.000020
Quick fit;1;50;10;0.000427
First fit;1;50;10;0.000122
Best fit;1;50;10;0.000377
Worst fit;1;50;10;0.000155
UNIX;2;50;10;0.000002
Half fit;2;50;10;0.000007
Quick fit;2;50;10;0.000001
First fit;2;50;10;0.000001
Best fit;2;50;10;0.000001
Worst fit;2;50;10;0.000001
UNIX;3;50;10;0.000026
Half fit;3;50;10;0.000026
Quick fit;3;50;10;0.000010
First fit;3;50;10;0.000011
Best fit;3;50;10;0.000009
Worst fit;3;50;10;0.000006
UNIX;0;50;10;0.000002
Half fit;0;50;10;0.000028
Quick fit;0;50;10;0.000003
First fit;0;50;10;0.000002
Best fit;0;50;10;0.000002
Worst fit;0;50;10;0.000002
UNIX;1;50;10;0.000022
Half fit;1;50;10;0.000030
Quick fit;1;50;10;0.000247
First fit;1;50;10;0.000119
Best fit;1;50;10;0.000273
Worst fit;1;50;10;0.000112
UNIX;2;50;10;0.000002
Half fit;2;50;10;0.000005
Quick fit;2;50;10;0.000001
First fit;2;50;10;0.000001
Best fit;2;50;10;0.000001
Worst fit;2;50;10;0.000001
UNIX;3;50;10;0.000026
Half fit;3;50;10;0.000024
Quick fit;3;50;10;0.000009
First fit;3;50;10;0.000013
Best fit;3;50;10;0.000010
Worst fit;3;50;10;0.000006
UNIX;0;50;10;0.000001
Half fit;0;50;10;0.000024
Quick fit;0;50;10;0.000004
First fit;0;50;10;0.000002
Best fit;0;50;10;0.000002
Worst fit;0;50;10;0.000002
UNIX;1;50;10;0.000023
Half fit;1;50;10;0.000020
Quick fit;1;50;10;0.000289
First fit;1;50;10;0.000057
Best fit;1;50;10;0.000190
Worst fit;1;50;10;0.000137
UNIX;2;50;10;0.000002
Half fit;2;50;10;0.000005
Quick fit;2;50;10;0.000001
First fit;2;50;10;0.000001
Best fit;2;50;10;0.000001
Worst fit;2;50;10;0.000002
UNIX;3;50;10;0.000024
Half fit;3;50;10;0.000026
Quick fit;3;50;10;0.000009
First fit;3;50;10;0.000010
Best fit;3;50;10;0.000008
Worst fit;3;50;10;0.000006
UNIX;0;50;10;0.000002
Half fit;0;50;10;0.000023
Quick fit;0;50;10;0.000003
First fit;0;50;10;0.000002
Best fit;0;50;10;0.000002
Worst fit;0;50;10;0.000002
UNIX;1;50;10;0.000021
Half fit;1;50;10;0.000021
Quick fit;1;50;10;0.000265
First fit;1;50;10;0.000118
Best fit;1;50;10;0.000295
Worst fit;1;50;10;0.000151
UNIX;2;50;10;0.000001
Half fit;2;50;10;0.000006
Quick fit;2;50;10;0.000001
First fit;2;50;10;0.000001
Best fit;2;50;10;0.000001
Worst fit;2;50;10;0.000001
UNIX;3;50;10;0.000028
Half fit;3;50;10;0.000024
Quick fit;3;50;10;0.000019
First fit;3;50;10;0.000010
Best fit;3;50;10;0.000008
Worst fit;3;50;10;0.000006
UNIX;0;50;10;0.000002
Half fit;0;50;10;0.000027
Quick fit;0;50;10;0.000003
First fit;0;50;10;0.000002
Best fit;0;50;10;0.000002
Worst fit;0;50;10;0.000001
UNIX;1;50;10;0.000017
Half fit;1;50;10;0.000014
Quick fit;1;50;10;0.000347
First fit;1;50;10;0.000159
Best fit;1;50;10;0.000058
Worst fit;1;50;10;0.000102
UNIX;2;50;10;0.000002
Half fit;2;50;10;0.000005
Quick fit;2;50;10;0.000001
First fit;2;50;10;0.000001
Best fit;2;50;10;0.000001
Worst fit;2;50;10;0.000001
UNIX;3;50;10;0.000030
Half fit;3;50;10;0.000025
Quick fit;3;50;10;0.000009
First fit;3;50;10;0.000007
Best fit;3;50;10;0.000008
Worst fit;3;50;10;0.000009
UNIX;0;50;10;0.000002
Half fit;0;50;10;0.000029
Quick fit;0;50;10;0.000003
First fit;0;50;10;0.000002
Best fit;0;50;10;0.000002
Worst fit;0;50;10;0.000002
UNIX;1;50;10;0.000017
Half fit;1;50;10;0.000013
Quick fit;1;50;10;0.000377
First fit;1;50;10;0.000190
Best fit;1;50;10;0.000079
Worst fit;1;50;10;0.000112
UNIX;2;50;10;0.000001
Half fit;2;50;10;0.000005
Quick fit;2;50;10;0.000001
First fit;2;50;10;0.000001
Best fit;2;50;10;0.000001
Worst fit;2;50;10;0.000001
UNIX;3;50;10;0.000040
Half fit;3;50;10;0.000024
Quick fit;3;50;10;0.000010
First fit;3;50;10;0.000008
Best fit;3;50;10;0.000008
Worst fit;3;50;10;0.000009
UNIX;0;50;10;0.000003
Half fit;0;50;10;0.000031
Quick fit;0;50;10;0.000005
First fit;0;50;10;0.000002
Best fit;0;50;10;0.000002
Worst fit;0;50;10;0.000002
UNIX;1;50;10;0.000019
Half fit;1;50;10;0.000016
Quick fit;1;50;10;0.000454
First fit;1;50;10;0.000276
Best fit;1;50;10;0.000089
Worst fit;1;50;10;0.000161
UNIX;2;50;10;0.000002
Half fit;2;50;10;0.000005
Quick fit;2;50;10;0.000001
First fit;2;50;10;0.000001
Best fit;2;50;10;0.000002
Worst fit;2;50;10;0.000001
UNIX;3;50;10;0.000033
Half fit;3;50;10;0.000025
Quick fit;3;50;10;0.000010
First fit;3;50;10;0.000008
Best fit;3;50;10;0.000010
Worst fit;3;50;10;0.000010
UNIX;0;50;10;0.000002
Half fit;0;50;10;0.000025
Quick fit;0;50;10;0.000003
First fit;0;50;10;0.000002
Best fit;0;50;10;0.000002
Worst fit;0;50;10;0.000002
UNIX;1;50;10;0.000017
Half fit;1;50;10;0.000024
Quick fit;1;50;10;0.000306
First fit;1;50;10;0.000179
Best fit;1;50;10;0.000057
Worst fit;1;50;10;0.000099
UNIX;2;50;10;0.000002
Half fit;2;50;10;0.000006
Quick fit;2;50;10;0.000001
First fit;2;50;10;0.000001
Best fit;2;50;10;0.000002
Worst fit;2;50;10;0.000001
UNIX;3;50;10;0.000031
Half fit;3;50;10;0.000024
Quick fit;3;50;10;0.000009
First fit;3;50;10;0.000008
Best fit;3;50;10;0.000007
Worst fit;3;50;10;0.000009
UNIX;0;50;10;0.000002
Half fit;0;50;10;0.000027
Quick fit;0;50;10;0.000003
First fit;0;50;10;0.000003
Best fit;0;50;10;0.000003
Worst fit;0;50;10;0.000002
UNIX;1;50;10;0.000018
Half fit;1;50;10;0.000014
Quick fit;1;50;10;0.000384
First fit;1;50;10;0.000412
Best fit;1;50;10;0.000195
Worst fit;1;50;10;0.000174
UNIX;2;50;10;0.000019
Half fit;2;50;10;0.000014
Quick fit;2;50;10;0.000003
First fit;2;50;10;0.000001
Best fit;2;50;10;0.000002
Worst fit;2;50;10;0.000001
UNIX;3;50;10;0.000144
Half fit;3;50;10;0.000041
Quick fit;3;50;10;0.000022
First fit;3;50;10;0.000020
Best fit;3;50;10;0.000054
Worst fit;3;50;10;0.000027
UNIX;0;50;10;0.000002
Half fit;0;50;10;0.000026
Quick fit;0;50;10;0.000004
First fit;0;50;10;0.000003
Best fit;0;50;10;0.000003
Worst fit;0;50;10;0.000002
UNIX;1;50;10;0.000026
Half fit;1;50;10;0.000013
Quick fit;1;50;10;0.000118
First fit;1;50;10;0.000167
Best fit;1;50;10;0.000198
Worst fit;1;50;10;0.000070
UNIX;2;50;10;0.000002
Half fit;2;50;10;0.000006
Quick fit;2;50;10;0.000001
First fit;2;50;10;0.000001
Best fit;2;50;10;0.000001
Worst fit;2;50;10;0.000001
UNIX;3;50;10;0.000013
Half fit;3;50;10;0.000029
Quick fit;3;50;10;0.000010
First fit;3;50;10;0.000011
Best fit;3;50;10;0.000007
Worst fit;3;50;10;0.000009
UNIX;0;50;10;0.000005
Half fit;0;50;10;0.000031
Quick fit;0;50;10;0.000004
First fit;0;50;10;0.000002
Best fit;0;50;10;0.000002
Worst fit;0;50;10;0.000002
UNIX;1;50;10;0.000026
Half fit;1;50;10;0.000016
Quick fit;1;50;10;0.000257
First fit;1;50;10;0.000561
Best fit;1;50;10;0.000504
Worst fit;1;50;10;0.000218
UNIX;2;50;10;0.000002
Half fit;2;50;10;0.000008
Quick fit;2;50;10;0.000001
First fit;2;50;10;0.000001
Best fit;2;50;10;0.000001
Worst fit;2;50;10;0.000001
UNIX;3;50;10;0.000012
Half fit;3;50;10;0.000048
Quick fit;3;50;10;0.000010
First fit;3;50;10;0.000131
Best fit;3;50;10;0.000007
Worst fit;3;50;10;0.000009
UNIX;0;50;10;0.000002
Half fit;0;50;10;0.000026
Quick fit;0;50;10;0.000003
First fit;0;50;10;0.000002
Best fit;0;50;10;0.000002
Worst fit;0;50;10;0.000023
UNIX;1;50;10;0.000034
Half fit;1;50;10;0.000013
Quick fit;1;50;10;0.000212
First fit;1;50;10;0.000487
Best fit;1;50;10;0.000332
Worst fit;1;50;10;0.000145
UNIX;2;50;10;0.000001
Half fit;2;50;10;0.000007
Quick fit;2;50;10;0.000000
First fit;2;50;10;0.000001
Best fit;2;50;10;0.000001
Worst fit;2;50;10;0.000001
UNIX;3;50;10;0.000012
Half fit;3;50;10;0.000030
Quick fit;3;50;10;0.000019
First fit;3;50;10;0.000078
Best fit;3;50;10;0.000006
Worst fit;3;50;10;0.000008
UNIX;0;50;10;0.000002
Half fit;0;50;10;0.000025
Quick fit;0;50;10;0.000003
First fit;0;50;10;0.000002
Best fit;0;50;10;0.000002
Worst fit;0;50;10;0.000002
UNIX;1;50;10;0.000025
Half fit;1;50;10;0.000014
Quick fit;1;50;10;0.000260
First fit;1;50;10;0.000162
Best fit;1;50;10;0.000171
Worst fit;1;50;10;0.000058
UNIX;2;50;10;0.000001
Half fit;2;50;10;0.000006
Quick fit;2;50;10;0.000001
First fit;2;50;10;0.000001
Best fit;2;50;10;0.000001
Worst fit;2;50;10;0.000001
UNIX;3;50;10;0.000013
Half fit;3;50;10;0.000029
Quick fit;3;50;10;0.000010
First fit;3;50;10;0.000010
Best fit;3;50;10;0.000006
Worst fit;3;50;10;0.000008
UNIX;0;50;10;0.000002
Half fit;0;50;10;0.000027
Quick fit;0;50;10;0.000003
First fit;0;50;10;0.000002
Best fit;0;50;10;0.000002
Worst fit;0;50;10;0.000002
UNIX;1;50;10;0.000026
Half fit;1;50;10;0.000014
Quick fit;1;50;10;0.000295
First fit;1;50;10;0.000325
Best fit;1;50;10;0.000338
Worst fit;1;50;10;0.000078
UNIX;2;50;10;0.000002
Half fit;2;50;10;0.000007
Quick fit;2;50;10;0.000001
First fit;2;50;10;0.000001
Best fit;2;50;10;0.000001
Worst fit;2;50;10;0.000001
UNIX;3;50;10;0.000014
Half fit;3;50;10;0.000029
Quick fit;3;50;10;0.000010
First fit;3;50;10;0.000011
Best fit;3;50;10;0.000007
Worst fit;3;50;10;0.000009
UNIX;0;50;10;0.000001
Half fit;0;50;10;0.000025
Quick fit;0;50;10;0.000003
First fit;0;50;10;0.000002
Best fit;0;50;10;0.000002
Worst fit;0;50;10;0.000002
UNIX;1;50;10;0.000054
Half fit;1;50;10;0.000284
Quick fit;1;50;10;0.000058
First fit;1;50;10;0.000211
Best fit;1;50;10;0.000337
Worst fit;1;50;10;0.000155
UNIX;2;50;10;0.000001
Half fit;2;50;10;0.000007
Quick fit;2;50;10;0.000001
First fit;2;50;10;0.000001
Best fit;2;50;10;0.000001
Worst fit;2;50;10;0.000001
UNIX;3;50;10;0.000040
Half fit;3;50;10;0.000029
Quick fit;3;50;10;0.000008
First fit;3;50;10;0.000012
Best fit;3;50;10;0.000011
Worst fit;3;50;10;0.000029
UNIX;0;50;10;0.000001
Half fit;0;50;10;0.000026
Quick fit;0;50;10;0.000003
First fit;0;50;10;0.000002
Best fit;0;50;10;0.000002
Worst fit;0;50;10;0.000002
UNIX;1;50;10;0.000044
Half fit;1;50;10;0.000356
Quick fit;1;50;10;0.000059
First fit;1;50;10;0.000198
Best fit;1;50;10;0.000303
Worst fit;1;50;10;0.000149
UNIX;2;50;10;0.000001
Half fit;2;50;10;0.000005
Quick fit;2;50;10;0.000001
First fit;2;50;10;0.000001
Best fit;2;50;10;0.000001
Worst fit;2;50;10;0.000001
UNIX;3;50;10;0.000027
Half fit;3;50;10;0.000022
Quick fit;3;50;10;0.000008
First fit;3;50;10;0.000010
Best fit;3;50;10;0.000007
Worst fit;3;50;10;0.000008
UNIX;0;50;10;0.000002
Half fit;0;50;10;0.000027
Quick fit;0;50;10;0.000003
First fit;0;50;10;0.000002
Best fit;0;50;10;0.000003
Worst fit;0;50;10;0.000002
UNIX;1;50;10;0.000052
Half fit;1;50;10;0.000781
Quick fit;1;50;10;0.000073
First fit;1;50;10;0.000265
Best fit;1;50;10;0.000300
Worst fit;1;50;10;0.000229
UNIX;2;50;10;0.000004
Half fit;2;50;10;0.000011
Quick fit;2;50;10;0.000002
First fit;2;50;10;0.000001
Best fit;2;50;10;0.000001
Worst fit;2;50;10;0.000001
UNIX;3;50;10;0.000076
Half fit;3;50;10;0.000033
Quick fit;3;50;10;0.000010
First fit;3;50;10;0.000012
Best fit;3;50;10;0.000014
Worst fit;3;50;10;0.000012
UNIX;0;50;10;0.000002
Half fit;0;50;10;0.000028
Quick fit;0;50;10;0.000003
First fit;0;50;10;0.000002
Best fit;0;50;10;0.000002
Worst fit;0;50;10;0.000002
UNIX;1;50;10;0.000048
Half fit;1;50;10;0.000444
Quick fit;1;50;10;0.000110
First fit;1;50;10;0.000204
Best fit;1;50;10;0.000402
Worst fit;1;50;10;0.000193
UNIX;2;50;10;0.000002
Half fit;2;50;10;0.000005
Quick fit;2;50;10;0.000001
First fit;2;50;10;0.000001
Best fit;2;50;10;0.000001
Worst fit;2;50;10;0.000001
UNIX;3;50;10;0.000031
Half fit;3;50;10;0.000022
Quick fit;3;50;10;0.000008
First fit;3;50;10;0.000009
Best fit;3;50;10;0.000008
Worst fit;3;50;10;0.000009
UNIX;0;50;10;0.000002
Half fit;0;50;10;0.000027
Quick fit;0;50;10;0.000003
First fit;0;50;10;0.000002
Best fit;0;50;10;0.000002
Worst fit;0;50;10;0.000002
UNIX;1;50;10;0.000046
Half fit;1;50;10;0.000509
Quick fit;1;50;10;0.000179
First fit;1;50;10;0.000163
Best fit;1;50;10;0.000345
Worst fit;1;50;10;0.000171
UNIX;2;50;10;0.000002
Half fit;2;50;10;0.000007
Quick fit;2;50;10;0.000001
First fit;2;50;10;0.000001
Best fit;2;50;10;0.000001
Worst fit;2;50;10;0.000001
UNIX;3;50;10;0.000032
Half fit;3;50;10;0.000035
Quick fit;3;50;10;0.000009
First fit;3;50;10;0.000010
Best fit;3;50;10;0.000008
Worst fit;3;50;10;0.000009
UNIX;0;50;10;0.000005
Half fit;0;50;10;0.000071
Quick fit;0;50;10;0.000004
First fit;0;50;10;0.000003
Best fit;0;50;10;0.000004
Worst fit;0;50;10;0.000003
UNIX;1;50;10;0.000060
Half fit;1;50;10;0.000021
Quick fit;1;50;10;0.001192
First fit;1;50;10;0.000011
Best fit;1;50;10;0.000537
Worst fit;1;50;10;0.001018
UNIX;2;50;10;0.000005
Half fit;2;50;10;0.000017
Quick fit;2;50;10;0.000002
First fit;2;50;10;0.000001
Best fit;2;50;10;0.000001
Worst fit;2;50;10;0.000001
UNIX;3;50;10;0.000096
Half fit;3;50;10;0.000074
Quick fit;3;50;10;0.000013
First fit;3;50;10;0.000009
Best fit;3;50;10;0.000011
Worst fit;3;50;10;0.000010
UNIX;0;50;10;0.000002
Half fit;0;50;10;0.000026
Quick fit;0;50;10;0.000003
First fit;0;50;10;0.000002
Best fit;0;50;10;0.000003
Worst fit;0;50;10;0.000002
UNIX;1;50;10;0.000036
Half fit;1;50;10;0.000013
Quick fit;1;50;10;0.000277
First fit;1;50;10;0.000008
Best fit;1;50;10;0.000103
Worst fit;1;50;10;0.000304
UNIX;2;50;10;0.000001
Half fit;2;50;10;0.000006
Quick fit;2;50;10;0.000001
First fit;2;50;10;0.000001
Best fit;2;50;10;0.000001
Worst fit;2;50;10;0.000001
UNIX;3;50;10;0.000027
Half fit;3;50;10;0.000021
Quick fit;3;50;10;0.000008
First fit;3;50;10;0.000009
Best fit;3;50;10;0.000009
Worst fit;3;50;10;0.000064
UNIX;0;50;10;0.000003
Half fit;0;50;10;0.000027
Quick fit;0;50;10;0.000003
First fit;0;50;10;0.000002
Best fit;0;50;10;0.000002
Worst fit;0;50;10;0.000002
UNIX;1;50;10;0.000037
Half fit;1;50;10;0.000013
Quick fit;1;50;10;0.000424
First fit;1;50;10;0.000008
Best fit;1;50;10;0.000194
Worst fit;1;50;10;0.000451
UNIX;2;50;10;0.000002
Half fit;2;50;10;0.000008
Quick fit;2;50;10;0.000001
First fit;2;50;10;0.000001
Best fit;2;50;10;0.000001
Worst fit;2;50;10;0.000001
UNIX;3;50;10;0.000028
Half fit;3;50;10;0.000023
Quick fit;3;50;10;0.000008
First fit;3;50;10;0.000009
Best fit;3;50;10;0.000010
Worst fit;3;50;10;0.000010
UNIX;0;50;10;0.000001
Half fit;0;50;10;0.000026
Quick fit;0;50;10;0.000003
First fit;0;50;10;0.000003
Best fit;0;50;10;0.000002
Worst fit;0;50;10;0.000002
UNIX;1;50;10;0.000047
Half fit;1;50;10;0.000013
Quick fit;1;50;10;0.000289
First fit;1;50;10;0.000009
Best fit;1;50;10;0.000162
Worst fit;1;50;10;0.000288
UNIX;2;50;10;0.000002
Half fit;2;50;10;0.000006
Quick fit;2;50;10;0.000001
First fit;2;50;10;0.000001
Best fit;2;50;10;0.000001
Worst fit;2;50;10;0.000001
UNIX;3;50;10;0.000026
Half fit;3;50;10;0.000023
Quick fit;3;50;10;0.000062
First fit;3;50;10;0.000008
Best fit;3;50;10;0.000008
Worst fit;3;50;10;0.000058
UNIX;0;50;10;0.000006
Half fit;0;50;10;0.000092
Quick fit;0;50;10;0.000008
First fit;0;50;10;0.000007
Best fit;0;50;10;0.000005
Worst fit;0;50;10;0.000006
UNIX;1;50;10;0.000108
Half fit;1;50;10;0.000902
Quick fit;1;50;10;0.000108
First fit;1;50;10;0.000126
Best fit;1;50;10;0.000199
Worst fit;1;50;10;0.000252
UNIX;2;50;10;0.000002
Half fit;2;50;10;0.000006
Quick fit;2;50;10;0.000001
First fit;2;50;10;0.000001
Best fit;2;50;10;0.000001
Worst fit;2;50;10;0.000002
UNIX;3;50;10;0.000029
Half fit;3;50;10;0.000020
Quick fit;3;50;10;0.000008
First fit;3;50;10;0.000009
Best fit;3;50;10;0.000009
Worst fit;3;50;10;0.000009
UNIX;0;50;10;0.000002
Half fit;0;50;10;0.000034
Quick fit;0;50;10;0.000003
First fit;0;50;10;0.000002
Best fit;0;50;10;0.000003
Worst fit;0;50;10;0.000002
UNIX;1;50;10;0.000043
Half fit;1;50;10;0.000272
Quick fit;1;50;10;0.000007
First fit;1;50;10;0.000155
Best fit;1;50;10;0.000240
Worst fit;1;50;10;0.000319
UNIX;2;50;10;0.000002
Half fit;2;50;10;0.000006
Quick fit;2;50;10;0.000001
First fit;2;50;10;0.000001
Best fit;2;50;10;0.000001
Worst fit;2;50;10;0.000002
UNIX;3;50;10;0.000038
Half fit;3;50;10;0.000030
Quick fit;3;50;10;0.000009
First fit;3;50;10;0.000063
Best fit;3;50;10;0.000008
Worst fit;3;50;10;0.000008
UNIX;0;50;10;0.000002
Half fit;0;50;10;0.000025
Quick fit;0;50;10;0.000003
First fit;0;50;10;0.000003
Best fit;0;50;10;0.000002
Worst fit;0;50;10;0.000002
UNIX;1;50;10;0.000042
Half fit;1;50;10;0.000286
Quick fit;1;50;10;0.000088
First fit;1;50;10;0.000138
Best fit;1;50;10;0.000233
Worst fit;1;50;10;0.000270
UNIX;2;50;10;0.000001
Half fit;2;50;10;0.000006
Quick fit;2;50;10;0.000001
First fit;2;50;10;0.000001
Best fit;2;50;10;0.000001
Worst fit;2;50;10;0.000001
UNIX;3;50;10;0.000029
Half fit;3;50;10;0.000021
Quick fit;3;50;10;0.000009
First fit;3;50;10;0.000010
Best fit;3;50;10;0.000020
Worst fit;3;50;10;0.000009
UNIX;0;50;10;0.000002
Half fit;0;50;10;0.000026
Quick fit;0;50;10;0.000004
First fit;0;50;10;0.000002
Best fit;0;50;10;0.000002
Worst fit;0;50;10;0.000002
UNIX;1;50;10;0.000044
Half fit;1;50;10;0.000332
Quick fit;1;50;10;0.000106
First fit;1;50;10;0.000203
Best fit;1;50;10;0.000323
Worst fit;1;50;10;0.000257
UNIX;2;50;10;0.000002
Half fit;2;50;10;0.000006
Quick fit;2;50;10;0.000001
First fit;2;50;10;0.000001
Best fit;2;50;10;0.000001
Worst fit;2;50;10;0.000002
UNIX;3;50;10;0.000026
Half fit;3;50;10;0.000020
Quick fit;3;50;10;0.000008
First fit;3;50;10;0.000061
Best fit;3;50;10;0.000008
Worst fit;3;50;10;0.000009
UNIX;0;50;10;0.000002
Half fit;0;50;10;0.000025
Quick fit;0;50;10;0.000004
First fit;0;50;10;0.000002
Best fit;0;50;10;0.000002
Worst fit;0;50;10;0.000002
UNIX;1;50;10;0.000044
Half fit;1;50;10;0.000252
Quick fit;1;50;10;0.000059
First fit;1;50;10;0.000112
Best fit;1;50;10;0.000200
Worst fit;1;50;10;0.000256
UNIX;2;50;10;0.000001
Half fit;2;50;10;0.000006
Quick fit;2;50;10;0.000001
First fit;2;50;10;0.000001
Best fit;2;50;10;0.000002
Worst fit;2;50;10;0.000001
UNIX;3;50;10;0.000027
Half fit;3;50;10;0.000021
Quick fit;3;50;10;0.000009
First fit;3;50;10;0.000009
Best fit;3;50;10;0.000009
Worst fit;3;50;10;0.000009
UNIX;0;50;10;0.000002
Half fit;0;50;10;0.000034
Quick fit;0;50;10;0.000003
First fit;0;50;10;0.000003
Best fit;0;50;10;0.000003
Worst fit;0;50;10;0.000002
UNIX;1;50;10;0.000033
Half fit;1;50;10;0.000287
Quick fit;1;50;10;0.001071
First fit;1;50;10;0.000926
Best fit;1;50;10;0.000758
Worst fit;1;50;10;0.000191
UNIX;2;50;10;0.000002
Half fit;2;50;10;0.000007
Quick fit;2;50;10;0.000001
First fit;2;50;10;0.000001
Best fit;2;50;10;0.000001
Worst fit;2;50;10;0.000001
UNIX;3;50;10;0.000013
Half fit;3;50;10;0.000027
Quick fit;3;50;10;0.000009
First fit;3;50;10;0.000010
Best fit;3;50;10;0.000009
Worst fit;3;50;10;0.000009
UNIX;0;50;10;0.000002
Half fit;0;50;10;0.000028
Quick fit;0;50;10;0.000003
First fit;0;50;10;0.000002
Best fit;0;50;10;0.000002
Worst fit;0;50;10;0.000002
UNIX;1;50;10;0.000030
Half fit;1;50;10;0.000200
Quick fit;1;50;10;0.000192
First fit;1;50;10;0.000156
Best fit;1;50;10;0.000261
Worst fit;1;50;10;0.000150
UNIX;2;50;10;0.000002
Half fit;2;50;10;0.000006
Quick fit;2;50;10;0.000001
First fit;2;50;10;0.000001
Best fit;2;50;10;0.000001
Worst fit;2;50;10;0.000002
UNIX;3;50;10;0.000012
Half fit;3;50;10;0.000026
Quick fit;3;50;10;0.000009
First fit;3;50;10;0.000061
Best fit;3;50;10;0.000008
Worst fit;3;50;10;0.000008
UNIX;0;50;10;0.000002
Half fit;0;50;10;0.000027
Quick fit;0;50;10;0.000004
First fit;0;50;10;0.000002
Best fit;0;50;10;0.000002
Worst fit;0;50;10;0.000002
UNIX;1;50;10;0.000027
Half fit;1;50;10;0.000214
Quick fit;1;50;10;0.000157
First fit;1;50;10;0.000108
Best fit;1;50;10;0.000207
Worst fit;1;50;10;0.000103
UNIX;2;50;10;0.000001
Half fit;2;50;10;0.000006
Quick fit;2;50;10;0.000001
First fit;2;50;10;0.000001
Best fit;2;50;10;0.000001
Worst fit;2;50;10;0.000001
UNIX;3;50;10;0.000010
Half fit;3;50;10;0.000025
Quick fit;3;50;10;0.000061
First fit;3;50;10;0.000010
Best fit;3;50;10;0.000009
Worst fit;3;50;10;0.000008
UNIX;0;50;10;0.000002
Half fit;0;50;10;0.000026
Quick fit;0;50;10;0.000003
First fit;0;50;10;0.000002
Best fit;0;50;10;0.000002
Worst fit;0;50;10;0.000002
UNIX;1;50;10;0.000029
Half fit;1;50;10;0.000259
Quick fit;1;50;10;0.000292
First fit;1;50;10;0.000210
Best fit;1;50;10;0.000287
Worst fit;1;50;10;0.000180
UNIX;2;50;10;0.000001
Half fit;2;50;10;0.000007
Quick fit;2;50;10;0.000001
First fit;2;50;10;0.000001
Best fit;2;50;10;0.000001
Worst fit;2;50;10;0.000001
UNIX;3;50;10;0.000012
Half fit;3;50;10;0.000028
Quick fit;3;50;10;0.000083
First fit;3;50;10;0.000010
Best fit;3;50;10;0.000008
Worst fit;3;50;10;0.000008
UNIX;0;50;10;0.000001
Half fit;0;50;10;0.000068
Quick fit;0;50;10;0.000003
First fit;0;50;10;0.000002
Best fit;0;50;10;0.000002
Worst fit;0;50;10;0.000002
UNIX;1;50;10;0.000028
Half fit;1;50;10;0.000452
Quick fit;1;50;10;0.000214
First fit;1;50;10;0.000123
Best fit;1;50;10;0.000227
Worst fit;1;50;10;0.000120
UNIX;2;50;10;0.000002
Half fit;2;50;10;0.000006
Quick fit;2;50;10;0.000001
First fit;2;50;10;0.000001
Best fit;2;50;10;0.000001
Worst fit;2;50;10;0.000001
UNIX;3;50;10;0.000011
Half fit;3;50;10;0.000035
Quick fit;3;50;10;0.000064
First fit;3;50;10;0.000009
Best fit;3;50;10;0.000008
Worst fit;3;50;10;0.000008
UNIX;0;50;10;0.000002
Half fit;0;50;10;0.000027
Quick fit;0;50;10;0.000004
First fit;0;50;10;0.000002
Best fit;0;50;10;0.000002
Worst fit;0;50;10;0.000001
UNIX;1;50;10;0.000029
Half fit;1;50;10;0.000291
Quick fit;1;50;10;0.000011
First fit;1;50;10;0.000233
Best fit;1;50;10;0.000067
Worst fit;1;50;10;0.000150
UNIX;2;50;10;0.000001
Half fit;2;50;10;0.000007
Quick fit;2;50;10;0.000001
First fit;2;50;10;0.000001
Best fit;2;50;10;0.000001
Worst fit;2;50;10;0.000001
UNIX;3;50;10;0.000026
Half fit;3;50;10;0.000023
Quick fit;3;50;10;0.000058
First fit;3;50;10;0.000009
Best fit;3;50;10;0.000006
Worst fit;3;50;10;0.000007
UNIX;0;50;100;0.000005
Half fit;0;50;100;0.000059
Quick fit;0;50;100;0.000012
First fit;0;50;100;0.000004
Best fit;0;50;100;0.000005
Worst fit;0;50;100;0.000004
UNIX;1;50;100;0.000243
Half fit;1;50;100;0.001191
Quick fit;1;50;100;0.001162
First fit;1;50;100;0.001027
Best fit;1;50;100;0.001688
Worst fit;1;50;100;0.001914
UNIX;2;50;100;0.000007
Half fit;2;50;100;0.000045
Quick fit;2;50;100;0.000005
First fit;2;50;100;0.000005
Best fit;2;50;100;0.000007
Worst fit;2;50;100;0.000006
UNIX;3;50;100;0.000121
Half fit;3;50;100;0.000331
Quick fit;3;50;100;0.000395
First fit;3;50;100;0.000361
Best fit;3;50;100;0.000126
Worst fit;3;50;100;0.000244
UNIX;0;50;100;0.000005
Half fit;0;50;100;0.000061
Quick fit;0;50;100;0.000012
First fit;0;50;100;0.000004
Best fit;0;50;100;0.000005
Worst fit;0;50;100;0.000005
UNIX;1;50;100;0.000258
Half fit;1;50;100;0.001574
Quick fit;1;50;100;0.001239
First fit;1;50;100;0.001042
Best fit;1;50;100;0.001625
Worst fit;1;50;100;0.001828
UNIX;2;50;100;0.000007
Half fit;2;50;100;0.000048
Quick fit;2;50;100;0.000004
First fit;2;50;100;0.000006
Best fit;2;50;100;0.000008
Worst fit;2;50;100;0.000007
UNIX;3;50;100;0.000130
Half fit;3;50;100;0.000157
Quick fit;3;50;100;0.000133
First fit;3;50;100;0.000139
Best fit;3;50;100;0.000054
Worst fit;3;50;100;0.000187
UNIX;0;50;100;0.000004
Half fit;0;50;100;0.000058
Quick fit;0;50;100;0.000011
First fit;0;50;100;0.000003
Best fit;0;50;100;0.000005
Worst fit;0;50;100;0.000005
UNIX;1;50;100;0.000238
Half fit;1;50;100;0.001876
Quick fit;1;50;100;0.002115
First fit;1;50;100;0.001185
Best fit;1;50;100;0.001613
Worst fit;1;50;100;0.001828
UNIX;2;50;100;0.000008
Half fit;2;50;100;0.000049
Quick fit;2;50;100;0.000005
First fit;2;50;100;0.000005
Best fit;2;50;100;0.000007
Worst fit;2;50;100;0.000006
UNIX;3;50;100;0.000123
Half fit;3;50;100;0.000174
Quick fit;3;50;100;0.000427
First fit;3;50;100;0.000164
Best fit;3;50;100;0.000052
Worst fit;3;50;100;0.000164
UNIX;0;50;100;0.000005
Half fit;0;50;100;0.000057
Quick fit;0;50;100;0.000011
First fit;0;50;100;0.000004
Best fit;0;50;100;0.000005
Worst fit;0;50;100;0.000005
UNIX;1;50;100;0.000224
Half fit;1;50;100;0.001158
Quick fit;1;50;100;0.001200
First fit;1;50;100;0.001056
Best fit;1;50;100;0.001693
Worst fit;1;50;100;0.002476
UNIX;2;50;100;0.000008
Half fit;2;50;100;0.000049
Quick fit;2;50;100;0.000005
First fit;2;50;100;0.000005
Best fit;2;50;100;0.000007
Worst fit;2;50;100;0.000006
UNIX;3;50;100;0.000124
Half fit;3;50;100;0.000165
Quick fit;3;50;100;0.000179
First fit;3;50;100;0.000182
Best fit;3;50;100;0.000052
Worst fit;3;50;100;0.000118
UNIX;0;50;100;0.000004
Half fit;0;50;100;0.000057
Quick fit;0;50;100;0.000011
First fit;0;50;100;0.000004
Best fit;0;50;100;0.000004
Worst fit;0;50;100;0.000005
UNIX;1;50;100;0.000219
Half fit;1;50;100;0.001208
Quick fit;1;50;100;0.001265
First fit;1;50;100;0.001018
Best fit;1;50;100;0.001658
Worst fit;1;50;100;0.001884
UNIX;2;50;100;0.000007
Half fit;2;50;100;0.000044
Quick fit;2;50;100;0.000005
First fit;2;50;100;0.000005
Best fit;2;50;100;0.000007
Worst fit;2;50;100;0.000007
UNIX;3;50;100;0.000112
Half fit;3;50;100;0.000149
Quick fit;3;50;100;0.000205
First fit;3;50;100;0.000164
Best fit;3;50;100;0.000050
Worst fit;3;50;100;0.000126
UNIX;0;50;100;0.000004
Half fit;0;50;100;0.000063
Quick fit;0;50;100;0.000011
First fit;0;50;100;0.000004
Best fit;0;50;100;0.000005
Worst fit;0;50;100;0.000005
UNIX;1;50;100;0.000180
Half fit;1;50;100;0.000662
Quick fit;1;50;100;0.001147
First fit;1;50;100;0.001411
Best fit;1;50;100;0.001685
Worst fit;1;50;100;0.001953
UNIX;2;50;100;0.000008
Half fit;2;50;100;0.000049
Quick fit;2;50;100;0.000006
First fit;2;50;100;0.000005
Best fit;2;50;100;0.000008
Worst fit;2;50;100;0.000006
UNIX;3;50;100;0.000134
Half fit;3;50;100;0.000171
Quick fit;3;50;100;0.000073
First fit;3;50;100;0.000128
Best fit;3;50;100;0.000036
Worst fit;3;50;100;0.000184
UNIX;0;50;100;0.000014
Half fit;0;50;100;0.000061
Quick fit;0;50;100;0.000011
First fit;0;50;100;0.000004
Best fit;0;50;100;0.000005
Worst fit;0;50;100;0.000005
UNIX;1;50;100;0.000183
Half fit;1;50;100;0.000827
Quick fit;1;50;100;0.001142
First fit;1;50;100;0.001732
Best fit;1;50;100;0.001647
Worst fit;1;50;100;0.001868
UNIX;2;50;100;0.000008
Half fit;2;50;100;0.000045
Quick fit;2;50;100;0.000005
First fit;2;50;100;0.000005
Best fit;2;50;100;0.000008
Worst fit;2;50;100;0.000006
UNIX;3;50;100;0.000120
Half fit;3;50;100;0.000157
Quick fit;3;50;100;0.000071
First fit;3;50;100;0.000117
Best fit;3;50;100;0.000035
Worst fit;3;50;100;0.000215
UNIX;0;50;100;0.000006
Half fit;0;50;100;0.000092
Quick fit;0;50;100;0.000021
First fit;0;50;100;0.000004
Best fit;0;50;100;0.000004
Worst fit;0;50;100;0.000004
UNIX;1;50;100;0.000192
Half fit;1;50;100;0.000681
Quick fit;1;50;100;0.001258
First fit;1;50;100;0.001380
Best fit;1;50;100;0.001658
Worst fit;1;50;100;0.001908
UNIX;2;50;100;0.000008
Half fit;2;50;100;0.000044
Quick fit;2;50;100;0.000005
First fit;2;50;100;0.000005
Best fit;2;50;100;0.000008
Worst fit;2;50;100;0.000007
UNIX;3;50;100;0.000127
Half fit;3;50;100;0.000174
Quick fit;3;50;100;0.000071
First fit;3;50;100;0.000125
Best fit;3;50;100;0.000036
Worst fit;3;50;100;0.000191
UNIX;0;50;100;0.000005
Half fit;0;50;100;0.000061
Quick fit;0;50;100;0.000011
First fit;0;50;100;0.000004
Best fit;0;50;100;0.000005
Worst fit;0;50;100;0.000005
UNIX;1;50;100;0.000173
Half fit;1;50;100;0.000704
Quick fit;1;50;100;0.001080
First fit;1;50;100;0.001428
Best fit;1;50;100;0.001657
Worst fit;1;50;100;0.001881
UNIX;2;50;100;0.000008
Half fit;2;50;100;0.000045
Quick fit;2;50;100;0.000005
First fit;2;50;100;0.000005
Best fit;2;50;100;0.000007
Worst fit;2;50;100;0.000006
UNIX;3;50;100;0.000142
Half fit;3;50;100;0.000170
Quick fit;3;50;100;0.000069
First fit;3;50;100;0.000074
Best fit;3;50;100;0.000036
Worst fit;3;50;100;0.000242
UNIX;0;50;100;0.000004
Half fit;0;50;100;0.000058
Quick fit;0;50;100;0.000011
First fit;0;50;100;0.000004
Best fit;0;50;100;0.000005
Worst fit;0;50;100;0.000005
UNIX;1;50;100;0.000202
Half fit;1;50;100;0.000968
Quick fit;1;50;100;0.001345
First fit;1;50;100;0.001375
Best fit;1;50;100;0.001694
Worst fit;1;50;100;0.001872
UNIX;2;50;100;0.000008
Half fit;2;50;100;0.000046
Quick fit;2;50;100;0.000005
First fit;2;50;100;0.000005
Best fit;2;50;100;0.000007
Worst fit;2;50;100;0.000006
UNIX;3;50;100;0.000140
Half fit;3;50;100;0.000162
Quick fit;3;50;100;0.000070
First fit;3;50;100;0.000139
Best fit;3;50;100;0.000035
Worst fit;3;50;100;0.000204
UNIX;0;50;100;0.000005
Half fit;0;50;100;0.000084
Quick fit;0;50;100;0.000011
First fit;0;50;100;0.000004
Best fit;0;50;100;0.000004
Worst fit;0;50;100;0.000004
UNIX;1;50;100;0.000181
Half fit;1;50;100;0.000704
Quick fit;1;50;100;0.001121
First fit;1;50;100;0.001437
Best fit;1;50;100;0.001647
Worst fit;1;50;100;0.001876
UNIX;2;50;100;0.000007
Half fit;2;50;100;0.000046
Quick fit;2;50;100;0.000005
First fit;2;50;100;0.000006
Best fit;2;50;100;0.000007
Worst fit;2;50;100;0.000006
UNIX;3;50;100;0.000135
Half fit;3;50;100;0.000162
Quick fit;3;50;100;0.000070
First fit;3;50;100;0.000120
Best fit;3;50;100;0.000037
Worst fit;3;50;100;0.000189
UNIX;0;50;100;0.000005
Half fit;0;50;100;0.000081
Quick fit;0;50;100;0.000012
First fit;0;50;100;0.000005
Best fit;0;50;100;0.000006
Worst fit;0;50;100;0.000005
UNIX;1;50;100;0.000579
Half fit;1;50;100;0.002949
Quick fit;1;50;100;0.000834
First fit;1;50;100;0.000922
Best fit;1;50;100;0.001443
Worst fit;1;50;100;0.001445
UNIX;2;50;100;0.000007
Half fit;2;50;100;0.000036
Quick fit;2;50;100;0.000005
First fit;2;50;100;0.000005
Best fit;2;50;100;0.000007
Worst fit;2;50;100;0.000006
UNIX;3;50;100;0.000121
Half fit;3;50;100;0.000137
Quick fit;3;50;100;0.000216
First fit;3;50;100;0.000341
Best fit;3;50;100;0.000062
Worst fit;3;50;100;0.000074
UNIX;0;50;100;0.000005
Half fit;0;50;100;0.000061
Quick fit;0;50;100;0.000011
First fit;0;50;100;0.000004
Best fit;0;50;100;0.000005
Worst fit;0;50;100;0.000004
UNIX;1;50;100;0.000199
Half fit;1;50;100;0.001154
Quick fit;1;50;100;0.000837
First fit;1;50;100;0.000960
Best fit;1;50;100;0.001472
Worst fit;1;50;100;0.001961
UNIX;2;50;100;0.000008
Half fit;2;50;100;0.000041
Quick fit;2;50;100;0.000005
First fit;2;50;100;0.000005
Best fit;2;50;100;0.000007
Worst fit;2;50;100;0.000007
UNIX;3;50;100;0.000138
Half fit;3;50;100;0.000136
Quick fit;3;50;100;0.000149
First fit;3;50;100;0.000186
Best fit;3;50;100;0.000062
Worst fit;3;50;100;0.000115
UNIX;0;50;100;0.000004
Half fit;0;50;100;0.000064
Quick fit;0;50;100;0.000012
First fit;0;50;100;0.000004
Best fit;0;50;100;0.000005
Worst fit;0;50;100;0.000005
UNIX;1;50;100;0.000208
Half fit;1;50;100;0.001340
Quick fit;1;50;100;0.000845
First fit;1;50;100;0.000765
Best fit;1;50;100;0.001437
Worst fit;1;50;100;0.001399
UNIX;2;50;100;0.000007
Half fit;2;50;100;0.000037
Quick fit;2;50;100;0.000005
First fit;2;50;100;0.000015
Best fit;2;50;100;0.000008
Worst fit;2;50;100;0.000015
UNIX;3;50;100;0.000129
Half fit;3;50;100;0.000143
Quick fit;3;50;100;0.000137
First fit;3;50;100;0.000178
Best fit;3;50;100;0.000062
Worst fit;3;50;100;0.000072
UNIX;0;50;100;0.000005
Half fit;0;50;100;0.000063
Quick fit;0;50;100;0.000011
First fit;0;50;100;0.000003
Best fit;0;50;100;0.000005
Worst fit;0;50;100;0.000005
UNIX;1;50;100;0.000221
Half fit;1;50;100;0.001182
Quick fit;1;50;100;0.000824
First fit;1;50;100;0.000890
Best fit;1;50;100;0.001433
Worst fit;1;50;100;0.001433
UNIX;2;50;100;0.000006
Half fit;2;50;100;0.000037
Quick fit;2;50;100;0.000005
First fit;2;50;100;0.000005
Best fit;2;50;100;0.000008
Worst fit;2;50;100;0.000007
UNIX;3;50;100;0.000126
Half fit;3;50;100;0.000152
Quick fit;3;50;100;0.000131
First fit;3;50;100;0.000175
Best fit;3;50;100;0.000065
Worst fit;3;50;100;0.000111
UNIX;0;50;100;0.000004
Half fit;0;50;100;0.000058
Quick fit;0;50;100;0.000011
First fit;0;50;100;0.000003
Best fit;0;50;100;0.000005
Worst fit;0;50;100;0.000004
UNIX;1;50;100;0.000250
Half fit;1;50;100;0.001192
Quick fit;1;50;100;0.000834
First fit;1;50;100;0.000763
Best fit;1;50;100;0.001515
Worst fit;1;50;100;0.001415
UNIX;2;50;100;0.000007
Half fit;2;50;100;0.000036
Quick fit;2;50;100;0.000005
First fit;2;50;100;0.000006
Best fit;2;50;100;0.000007
Worst fit;2;50;100;0.000006
UNIX;3;50;100;0.000118
Half fit;3;50;100;0.000132
Quick fit;3;50;100;0.000157
First fit;3;50;100;0.000139
Best fit;3;50;100;0.000068
Worst fit;3;50;100;0.000169
